ticket_key,email_count_per_ticket,avg_sentiment,sentiment_variance,sentiment_trend,priority_numeric,subject_length,unique_senders,description_length,is_stalled,has_enough_emails,email_volume_per_ticket,priority,status,project.key,issuetype.name,type_Bug,type_Improvement,type_New Feature,type_Sub-task,type_Task,type_Test,type_Wish,proj_HADOOP,proj_HDFS,proj_MAPREDUCE,proj_YARN
HADOOP-1,1,0.359,0.0,0.0,3,8.0,1,10,0,0,1,Major,Closed,HADOOP,Task,0,0,0,0,1,0,0,1,0,0,0
HADOOP-10075,2,0.5157,0.282842712474619,0.4,4,9.5,2,10,0,1,2,Critical,Resolved,HADOOP,Improvement,0,1,0,0,0,0,0,1,0,0,0
HADOOP-10219,1,-0.0516,0.0,0.0,3,6.0,1,73,0,0,1,Major,Resolved,HADOOP,Bug,1,0,0,0,0,0,0,1,0,0,0
HADOOP-10400,1,0.7906,0.0,0.0,3,7.0,1,718,0,0,1,Major,Closed,HADOOP,New Feature,0,0,1,0,0,0,0,1,0,0,0
HADOOP-10768,10,0.8047599999999999,0.1385411868162116,0.11560000000000004,3,6.9,7,103,0,1,10,Major,Patch Available,HADOOP,Improvement,0,1,0,0,0,0,0,1,0,0,0
HADOOP-10775,1,0.6174,0.0,0.0,2,10.0,1,53,0,0,1,Minor,Resolved,HADOOP,Improvement,0,1,0,0,0,0,0,1,0,0,0
HADOOP-11090,1,0.8555,0.0,0.0,3,11.0,1,78,0,0,1,Major,Resolved,HADOOP,New Feature,0,0,1,0,0,0,0,1,0,0,0
HADOOP-11123,5,0.87652,0.046564600288201745,-0.000883333333333236,4,5.4,4,46,0,1,5,Critical,Resolved,HADOOP,Task,0,0,0,0,1,0,0,1,0,0,0
HADOOP-11223,1,0.9238,0.0,0.0,3,2.0,1,74,0,0,1,Major,Patch Available,HADOOP,Bug,1,0,0,0,0,0,0,1,0,0,0
HADOOP-11423,5,0.87652,0.046564600288201745,-0.000883333333333236,3,5.4,4,22,0,1,5,Major,Resolved,HADOOP,New Feature,0,0,1,0,0,0,0,1,0,0,0
HADOOP-11552,17,0.7285058823529412,0.36510880308236243,-0.302588888888889,3,6.0,5,216,0,1,17,Major,Resolved,HADOOP,Improvement,0,1,0,0,0,0,0,1,0,0,0
HADOOP-11717,2,0.8217,0.21269771978091345,-0.30079999999999996,3,7.0,2,103,0,1,2,Major,Resolved,HADOOP,Improvement,0,1,0,0,0,0,0,1,0,0,0
HADOOP-11867,7,0.08111428571428572,0.7125441516813102,-0.7990249999999999,3,6.714285714285714,5,151,0,1,7,Major,Resolved,HADOOP,Sub-task,0,0,0,1,0,0,0,1,0,0,0
HADOOP-11875,6,0.2354166666666667,0.33746092761483765,0.15156666666666663,3,10.833333333333334,3,24,0,1,6,Major,Resolved,HADOOP,Sub-task,0,0,0,1,0,0,0,1,0,0,0
HADOOP-11890,17,0.7733117647058824,0.28992184266271004,0.08514027777777788,3,5.235294117647059,11,31,1,1,17,Major,Open,HADOOP,Improvement,0,1,0,0,0,0,0,1,0,0,0
HADOOP-11934,4,0.1738,0.2967113412055562,-0.11139999999999999,5,2.75,4,278,0,1,4,Blocker,Closed,HADOOP,Bug,1,0,0,0,0,0,0,1,0,0,0
HADOOP-11937,2,0.8666,0.0,0.0,3,13.0,1,73,0,1,2,Major,Resolved,HADOOP,Improvement,0,1,0,0,0,0,0,1,0,0,0
HADOOP-12027,2,0.8666,0.0,0.0,3,13.0,1,50,0,1,2,Major,Resolved,HADOOP,Bug,1,0,0,0,0,0,0,1,0,0,0
HADOOP-12269,5,-0.37502,0.5495068762081144,-0.32586666666666664,3,3.8,3,16,0,1,5,Major,Resolved,HADOOP,Sub-task,0,0,0,1,0,0,0,1,0,0,0
HADOOP-12563,10,0.56525,0.4400829498830621,-0.13326,3,11.9,7,91,0,1,10,Major,Resolved,HADOOP,New Feature,0,0,1,0,0,0,0,1,0,0,0
HADOOP-12649,4,0.548125,0.24538393556492924,0.07765000000000011,3,9.75,4,75,1,1,4,Major,Open,HADOOP,Improvement,0,1,0,0,0,0,0,1,0,0,0
HADOOP-12705,5,-0.37502,0.5495068762081144,-0.32586666666666664,3,3.8,3,35,0,1,5,Major,Resolved,HADOOP,Sub-task,0,0,0,1,0,0,0,1,0,0,0
HADOOP-12897,1,0.3182,0.0,0.0,2,5.0,1,45,0,0,1,Minor,Resolved,HADOOP,Improvement,0,1,0,0,0,0,0,1,0,0,0
HADOOP-12910,2,0.8029999999999999,0.0637810316630266,-0.09019999999999995,3,12.0,1,61,0,1,2,Major,Patch Available,HADOOP,New Feature,0,0,1,0,0,0,0,1,0,0,0
HADOOP-13055,15,0.3853733333333333,0.435264931583819,0.208075,3,5.933333333333334,7,83,0,1,15,Major,Resolved,HADOOP,New Feature,0,0,1,0,0,0,0,1,0,0,0
HADOOP-13223,9,0.5875888888888888,0.36327194511978367,-0.11819000000000002,3,5.111111111111111,5,486,1,1,9,Major,Open,HADOOP,Sub-task,0,0,0,1,0,0,0,1,0,0,0
HADOOP-13226,17,0.7285058823529412,0.36510880308236243,-0.302588888888889,3,6.0,5,59,0,1,17,Major,Resolved,HADOOP,New Feature,0,0,1,0,0,0,0,1,0,0,0
HADOOP-13230,2,-0.26839999999999997,0.9195216582549863,1.3004,3,10.0,2,143,0,1,2,Major,Resolved,HADOOP,Sub-task,0,0,0,1,0,0,0,1,0,0,0
HADOOP-13363,45,0.47822666666666663,0.4813946393741643,0.12073399209486185,3,7.5777777777777775,16,57,1,1,45,Major,Open,HADOOP,Improvement,0,1,0,0,0,0,0,1,0,0,0
HADOOP-13386,3,0.8585666666666668,0.03292192784958577,-0.013399999999999967,3,5.0,3,26,0,1,3,Major,Resolved,HADOOP,Sub-task,0,0,0,1,0,0,0,1,0,0,0
HADOOP-13548,1,0.3818,0.0,0.0,3,3.0,1,81,0,0,1,Major,Patch Available,HADOOP,Bug,1,0,0,0,0,0,0,1,0,0,0
HADOOP-13551,1,0.4314,0.0,0.0,5,7.0,1,46,0,0,1,Blocker,Resolved,HADOOP,Sub-task,0,0,0,1,0,0,0,1,0,0,0
HADOOP-13617,1,0.3506,0.0,0.0,5,7.0,1,462,0,0,1,Blocker,Patch Available,HADOOP,Bug,1,0,0,0,0,0,0,1,0,0,0
HADOOP-13707,3,0.31293333333333334,0.30536262596023983,-0.5035,3,8.0,3,87,0,1,3,Major,Resolved,HADOOP,Bug,1,0,0,0,0,0,0,1,0,0,0
HADOOP-13716,1,0.0516,0.0,0.0,3,4.0,1,190,0,0,1,Major,Resolved,HADOOP,New Feature,0,0,1,0,0,0,0,1,0,0,0
HADOOP-13761,1,0.9278,0.0,0.0,5,8.0,1,184,0,0,1,Blocker,Resolved,HADOOP,Sub-task,0,0,0,1,0,0,0,1,0,0,0
HADOOP-13786,14,0.5928071428571429,0.37758101008369604,0.02058571428571432,3,4.928571428571429,5,82,0,1,14,Major,Resolved,HADOOP,New Feature,0,0,1,0,0,0,0,1,0,0,0
HADOOP-13836,10,0.8047599999999999,0.1385411868162116,0.11560000000000004,3,6.9,7,144,0,1,10,Major,Patch Available,HADOOP,New Feature,0,0,1,0,0,0,0,1,0,0,0
HADOOP-13951,7,-0.016014285714285686,0.4673326453700527,0.4907333333333333,4,3.857142857142857,5,205,1,1,7,Critical,Open,HADOOP,Bug,1,0,0,0,0,0,0,1,0,0,0
HADOOP-14060,3,0.6183333333333333,0.18345697951654316,0.010850000000000026,4,6.0,3,66,1,1,3,Critical,Reopened,HADOOP,Bug,1,0,0,0,0,0,0,1,0,0,0
HADOOP-14163,26,0.4275846153846154,0.541078470976111,0.20224615384615385,3,6.1923076923076925,17,145,0,1,26,Major,Resolved,HADOOP,Improvement,0,1,0,0,0,0,0,1,0,0,0
HADOOP-14178,1,0.296,0.0,0.0,3,8.0,1,87,0,0,1,Major,Resolved,HADOOP,Sub-task,0,0,0,1,0,0,0,1,0,0,0
HADOOP-14295,1,0.9278,0.0,0.0,4,8.0,1,116,1,0,1,Critical,Open,HADOOP,Bug,1,0,0,0,0,0,0,1,0,0,0
HADOOP-14386,3,-0.24373333333333333,0.39188662050819406,0.12805,5,7.0,2,67,0,1,3,Blocker,Resolved,HADOOP,Improvement,0,1,0,0,0,0,0,1,0,0,0
HADOOP-14435,3,0.29856666666666665,0.9398032364986478,-0.73805,2,7.0,3,75,1,1,3,Minor,Reopened,HADOOP,Bug,1,0,0,0,0,0,0,1,0,0,0
HADOOP-14445,1,0.6486,0.0,0.0,3,8.0,1,119,0,0,1,Major,Resolved,HADOOP,Bug,1,0,0,0,0,0,0,1,0,0,0
HADOOP-14453,2,0.6085,0.3592102448427662,0.508,3,7.0,2,138,0,1,2,Major,Resolved,HADOOP,Improvement,0,1,0,0,0,0,0,1,0,0,0
HADOOP-14552,4,0.78095,0.07127381473350973,-0.02070000000000005,3,6.75,4,56,0,1,4,Major,Resolved,HADOOP,Improvement,0,1,0,0,0,0,0,1,0,0,0
HADOOP-14556,12,0.44235,0.48297424644309217,-0.10393333333333332,3,6.25,10,97,0,1,12,Major,Resolved,HADOOP,Sub-task,0,0,0,1,0,0,0,1,0,0,0
HADOOP-14597,1,0.8957,0.0,0.0,3,5.0,1,81,0,0,1,Major,Closed,HADOOP,Improvement,0,1,0,0,0,0,0,1,0,0,0
HADOOP-14667,3,0.31293333333333334,0.30536262596023983,-0.5035,3,8.0,3,19,0,1,3,Major,Resolved,HADOOP,Improvement,0,1,0,0,0,0,0,1,0,0,0
HADOOP-14671,1,0.0,0.0,0.0,3,5.0,1,14,0,0,1,Major,Resolved,HADOOP,Improvement,0,1,0,0,0,0,0,1,0,0,0
HADOOP-14693,4,0.7521,0.21938907599665639,0.10829999999999995,3,6.75,4,12,1,1,4,Major,Open,HADOOP,Improvement,0,1,0,0,0,0,0,1,0,0,0
HADOOP-14698,1,-0.0258,0.0,0.0,3,8.0,1,40,0,0,1,Major,Resolved,HADOOP,Improvement,0,1,0,0,0,0,0,1,0,0,0
HADOOP-14738,1,0.7906,0.0,0.0,5,7.0,1,146,0,0,1,Blocker,Resolved,HADOOP,Sub-task,0,0,0,1,0,0,0,1,0,0,0
HADOOP-14761,1,0.7082,0.0,0.0,1,8.0,1,9,1,0,1,Trivial,Open,HADOOP,Bug,1,0,0,0,0,0,0,1,0,0,0
HADOOP-14816,6,0.5213,0.2776246170641213,0.06373333333333331,3,6.833333333333333,4,20,0,1,6,Major,Resolved,HADOOP,Improvement,0,1,0,0,0,0,0,1,0,0,0
HADOOP-14831,1,0.9278,0.0,0.0,5,8.0,1,7,0,0,1,Blocker,Resolved,HADOOP,Improvement,0,1,0,0,0,0,0,1,0,0,0
HADOOP-14898,4,0.46734999999999993,0.3874605571323787,0.00610000000000005,3,11.75,2,842,0,1,4,Major,Resolved,HADOOP,New Feature,0,0,1,0,0,0,0,1,0,0,0
HADOOP-14918,2,-0.5574,0.0,0.0,3,4.5,2,142,0,1,2,Major,Resolved,HADOOP,Sub-task,0,0,0,1,0,0,0,1,0,0,0
HADOOP-14922,20,0.530775,0.4330095184015194,0.32537,3,4.0,7,171,0,1,20,Major,Resolved,HADOOP,Bug,1,0,0,0,0,0,0,1,0,0,0
HADOOP-14927,3,0.12050000000000001,0.8626074251941029,-1.1875499999999999,2,7.0,3,34,0,1,3,Minor,Resolved,HADOOP,Sub-task,0,0,0,1,0,0,0,1,0,0,0
HADOOP-14969,2,0.7717,0.0,0.0,3,3.5,2,121,1,1,2,Major,Open,HADOOP,Improvement,0,1,0,0,0,0,0,1,0,0,0
HADOOP-14989,1,0.5267,0.0,0.0,4,12.0,1,447,1,0,1,Critical,Open,HADOOP,Bug,1,0,0,0,0,0,0,1,0,0,0
HADOOP-15033,1,0.8957,0.0,0.0,3,4.0,1,44,0,0,1,Major,Resolved,HADOOP,Improvement,0,1,0,0,0,0,0,1,0,0,0
HADOOP-15058,6,0.44675000000000004,0.3315238799845345,0.05256666666666665,5,6.0,3,0,0,1,6,Blocker,Resolved,HADOOP,Bug,1,0,0,0,0,0,0,1,0,0,0
HADOOP-15124,6,0.7135333333333334,0.19806396609849725,0.1714,3,2.8333333333333335,4,93,0,1,6,Major,Patch Available,HADOOP,Sub-task,0,0,0,1,0,0,0,1,0,0,0
HADOOP-15151,1,0.34,0.0,0.0,3,2.0,1,28,0,0,1,Major,Resolved,HADOOP,Bug,1,0,0,0,0,0,0,1,0,0,0
HADOOP-15183,1,0.9278,0.0,0.0,5,8.0,1,121,0,0,1,Blocker,Resolved,HADOOP,Sub-task,0,0,0,1,0,0,0,1,0,0,0
HADOOP-15184,2,0.7391000000000001,0.012020815280171359,-0.017000000000000015,3,7.0,2,37,0,1,2,Major,Resolved,HADOOP,Improvement,0,1,0,0,0,0,0,1,0,0,0
HADOOP-15195,1,0.1779,0.0,0.0,3,2.0,1,44,0,0,1,Major,Resolved,HADOOP,Improvement,0,1,0,0,0,0,0,1,0,0,0
HADOOP-15205,7,0.7556,0.1746378156833928,-0.021816666666666484,3,7.428571428571429,5,65,0,1,7,Major,Resolved,HADOOP,Bug,1,0,0,0,0,0,0,1,0,0,0
HADOOP-15209,1,-0.9186,0.0,0.0,3,9.0,1,78,0,0,1,Major,Resolved,HADOOP,Improvement,0,1,0,0,0,0,0,1,0,0,0
HADOOP-15220,27,0.729488888888889,0.18303267748039154,0.10127307692307685,3,6.0,11,19,0,1,27,Major,Resolved,HADOOP,Bug,1,0,0,0,0,0,0,1,0,0,0
HADOOP-15226,27,0.729488888888889,0.18303267748039154,0.10127307692307685,3,6.0,11,5,0,1,27,Major,Resolved,HADOOP,Improvement,0,1,0,0,0,0,0,1,0,0,0
HADOOP-15229,3,0.6430666666666667,0.18642683104460403,-0.31865,3,9.0,1,121,0,1,3,Major,Resolved,HADOOP,New Feature,0,0,1,0,0,0,0,1,0,0,0
HADOOP-15262,5,0.7607999999999999,0.1860767583552551,-0.07433333333333336,3,8.0,3,27,0,1,5,Major,Resolved,HADOOP,Sub-task,0,0,0,1,0,0,0,1,0,0,0
HADOOP-15278,3,0.31293333333333334,0.30536262596023983,-0.5035,3,8.0,3,39,0,1,3,Major,Resolved,HADOOP,Sub-task,0,0,0,1,0,0,0,1,0,0,0
HADOOP-15304,4,0.510775,0.4099753031179643,0.37365,3,8.0,3,56,0,1,4,Major,Resolved,HADOOP,Sub-task,0,0,0,1,0,0,0,1,0,0,0
HADOOP-15338,19,0.5805315789473684,0.37559695900530815,-0.22829888888888894,3,8.105263157894736,11,34,0,1,19,Major,Resolved,HADOOP,Improvement,0,1,0,0,0,0,0,1,0,0,0
HADOOP-15341,1,0.7906,0.0,0.0,2,7.0,1,30,1,0,1,Minor,Open,HADOOP,Sub-task,0,0,0,1,0,0,0,1,0,0,0
HADOOP-15375,1,-0.7289,0.0,0.0,3,7.0,1,195,0,0,1,Major,Resolved,HADOOP,Bug,1,0,0,0,0,0,0,1,0,0,0
HADOOP-15385,5,0.37268,0.6789358784156277,-0.8416166666666667,4,7.2,5,152,0,1,5,Critical,Resolved,HADOOP,Bug,1,0,0,0,0,0,0,1,0,0,0
HADOOP-15407,47,0.6096489361702128,0.43038321087766124,0.2576251811594201,5,6.48936170212766,19,451,0,1,47,Blocker,Resolved,HADOOP,New Feature,0,0,1,0,0,0,0,1,0,0,0
HADOOP-15412,1,0.3818,0.0,0.0,3,3.0,1,244,0,0,1,Major,Resolved,HADOOP,Bug,1,0,0,0,0,0,0,1,0,0,0
HADOOP-15413,1,0.3818,0.0,0.0,3,3.0,1,26,1,0,1,Major,Open,HADOOP,Improvement,0,1,0,0,0,0,0,1,0,0,0
HADOOP-15502,2,0.10735,0.34499739854091654,0.4879,5,8.0,2,30,1,1,2,Blocker,Open,HADOOP,Bug,1,0,0,0,0,0,0,1,0,0,0
HADOOP-15546,27,0.729488888888889,0.18303267748039154,0.10127307692307685,3,6.0,11,108,0,1,27,Major,Resolved,HADOOP,Sub-task,0,0,0,1,0,0,0,1,0,0,0
HADOOP-15558,2,0.7096,0.0,0.0,3,2.5,1,73,0,1,2,Major,Patch Available,HADOOP,New Feature,0,0,1,0,0,0,0,1,0,0,0
HADOOP-15566,12,0.6431583333333334,0.3159049525017794,-0.19491666666666663,3,6.666666666666667,9,75,0,1,12,Major,Patch Available,HADOOP,New Feature,0,0,1,0,0,0,0,1,0,0,0
HADOOP-15583,2,0.44789999999999996,0.0650538238691624,0.09200000000000003,5,7.5,2,351,0,1,2,Blocker,Resolved,HADOOP,Sub-task,0,0,0,1,0,0,0,1,0,0,0
HADOOP-15616,1,0.8177,0.0,0.0,3,9.0,1,81,0,0,1,Major,Resolved,HADOOP,New Feature,0,0,1,0,0,0,0,1,0,0,0
HADOOP-15617,1,-0.5267,0.0,0.0,3,9.0,1,86,0,0,1,Major,Resolved,HADOOP,Improvement,0,1,0,0,0,0,0,1,0,0,0
HADOOP-15619,6,0.5633,0.30968512395657627,-0.31493333333333334,3,5.833333333333333,4,12,0,1,6,Major,Resolved,HADOOP,Improvement,0,1,0,0,0,0,0,1,0,0,0
HADOOP-15620,7,0.5548285714285714,0.2835896431717592,-0.110375,3,6.0,4,0,0,1,7,Major,Resolved,HADOOP,Improvement,0,1,0,0,0,0,0,1,0,0,0
HADOOP-15691,4,0.642575,0.19602335532617873,-0.21144999999999992,3,11.5,3,254,0,1,4,Major,Resolved,HADOOP,New Feature,0,0,1,0,0,0,0,1,0,0,0
HADOOP-15696,2,0.5157,0.282842712474619,0.4,5,9.5,2,302,0,1,2,Blocker,Resolved,HADOOP,Bug,1,0,0,0,0,0,0,1,0,0,0
HADOOP-15708,1,0.296,0.0,0.0,2,8.0,1,357,0,0,1,Minor,Resolved,HADOOP,Bug,1,0,0,0,0,0,0,1,0,0,0
HADOOP-15711,10,0.40815999999999997,0.3352998830234743,0.04299999999999998,4,7.5,5,139,0,1,10,Critical,Resolved,HADOOP,Task,0,0,0,0,1,0,0,1,0,0,0
HADOOP-15763,6,0.5633,0.30968512395657627,-0.31493333333333334,3,5.833333333333333,4,27,0,1,6,Major,Resolved,HADOOP,Improvement,0,1,0,0,0,0,0,1,0,0,0
HADOOP-15767,1,0.2944,0.0,0.0,3,6.0,1,33,0,0,1,Major,Resolved,HADOOP,Sub-task,0,0,0,1,0,0,0,1,0,0,0
HADOOP-15775,5,-0.10012000000000001,0.8082326595727247,1.3253,4,7.4,4,20,0,1,5,Critical,Resolved,HADOOP,Sub-task,0,0,0,1,0,0,0,1,0,0,0
HADOOP-15802,1,0.0,0.0,0.0,2,10.0,1,54,0,0,1,Minor,Resolved,HADOOP,Bug,1,0,0,0,0,0,0,1,0,0,0
HADOOP-15822,4,-0.226725,0.24300244683267422,-0.02445,3,4.0,3,51,0,1,4,Major,Resolved,HADOOP,Bug,1,0,0,0,0,0,0,1,0,0,0
HADOOP-15856,1,0.2944,0.0,0.0,5,6.0,1,26,0,0,1,Blocker,Resolved,HADOOP,Bug,1,0,0,0,0,0,0,1,0,0,0
HADOOP-15866,7,0.6735,0.2599549063459533,0.2681000000000001,5,6.0,4,97,0,1,7,Blocker,Resolved,HADOOP,Bug,1,0,0,0,0,0,0,1,0,0,0
HADOOP-15891,5,0.19885999999999998,0.31806461293265553,-0.13015000000000004,3,7.6,3,117,0,1,5,Major,Resolved,HADOOP,New Feature,0,0,1,0,0,0,0,1,0,0,0
HADOOP-15905,8,0.4029125,0.506048767942097,-0.02387499999999998,3,6.375,5,231,0,1,8,Major,Resolved,HADOOP,Sub-task,0,0,0,1,0,0,0,1,0,0,0
HADOOP-15916,2,0.5398499999999999,0.016334166645409216,-0.02310000000000001,5,10.0,1,32,0,1,2,Blocker,Resolved,HADOOP,Bug,1,0,0,0,0,0,0,1,0,0,0
HADOOP-15923,2,0.28269999999999995,0.7698978633559129,-1.0888,5,7.0,1,37,0,1,2,Blocker,Resolved,HADOOP,Bug,1,0,0,0,0,0,0,1,0,0,0
HADOOP-15930,12,0.6519916666666666,0.44755667687473005,0.16885000000000017,4,9.166666666666666,5,38,0,1,12,Critical,Resolved,HADOOP,Bug,1,0,0,0,0,0,0,1,0,0,0
HADOOP-15932,5,0.69782,0.40538982103649324,0.5358666666666667,4,6.0,2,320,0,1,5,Critical,Resolved,HADOOP,Sub-task,0,0,0,1,0,0,0,1,0,0,0
HADOOP-15939,20,0.530775,0.4330095184015194,0.32537,2,4.0,7,165,0,1,20,Minor,Resolved,HADOOP,Bug,1,0,0,0,0,0,0,1,0,0,0
HADOOP-15958,2,0.48295,0.06017478707897516,0.08509999999999995,5,6.5,2,48,0,1,2,Blocker,Resolved,HADOOP,Bug,1,0,0,0,0,0,0,1,0,0,0
HADOOP-15960,5,0.1396,0.5950903082726184,-0.03824999999999999,4,7.0,3,12,0,1,5,Critical,Resolved,HADOOP,Bug,1,0,0,0,0,0,0,1,0,0,0
HADOOP-15977,1,0.891,0.0,0.0,3,7.0,1,12,1,0,1,Major,Open,HADOOP,Improvement,0,1,0,0,0,0,0,1,0,0,0
HADOOP-15983,3,0.7530000000000001,0.20664464667636567,-0.10215000000000007,3,10.666666666666666,2,21,0,1,3,Major,Resolved,HADOOP,Sub-task,0,0,0,1,0,0,0,1,0,0,0
HADOOP-15984,14,0.17230000000000004,0.6470588440723978,-0.06177142857142853,3,6.642857142857143,9,8,0,1,14,Major,Resolved,HADOOP,Improvement,0,1,0,0,0,0,0,1,0,0,0
HADOOP-15996,1,0.6486,0.0,0.0,3,8.0,1,113,0,0,1,Major,Resolved,HADOOP,New Feature,0,0,1,0,0,0,0,1,0,0,0
HADOOP-15998,3,0.9004666666666666,0.05191698501775055,-0.0023000000000000798,5,7.0,1,59,0,1,3,Blocker,Resolved,HADOOP,Improvement,0,1,0,0,0,0,0,1,0,0,0
HADOOP-16003,14,0.4272142857142857,0.3542755030875153,0.13879999999999992,3,4.928571428571429,6,58,0,1,14,Major,Resolved,HADOOP,Task,0,0,0,0,1,0,0,1,0,0,0
HADOOP-16035,2,0.94005,0.030334880912902883,0.04290000000000005,3,6.0,2,35,0,1,2,Major,Resolved,HADOOP,Improvement,0,1,0,0,0,0,0,1,0,0,0
HADOOP-16046,6,0.2354166666666667,0.33746092761483765,0.15156666666666663,3,10.833333333333334,3,62,0,1,6,Major,Resolved,HADOOP,Sub-task,0,0,0,1,0,0,0,1,0,0,0
HADOOP-16051,2,-0.043149999999999966,0.68384296808551,-0.9671,3,9.0,1,103,0,1,2,Major,Resolved,HADOOP,Bug,1,0,0,0,0,0,0,1,0,0,0
HADOOP-16053,6,0.5213,0.2776246170641213,0.06373333333333331,3,6.833333333333333,4,9,0,1,6,Major,Resolved,HADOOP,Improvement,0,1,0,0,0,0,0,1,0,0,0
HADOOP-16054,2,0.21255000000000002,0.37356451250085304,0.5283,3,5.0,1,12,0,1,2,Major,Resolved,HADOOP,Improvement,0,1,0,0,0,0,0,1,0,0,0
HADOOP-16055,5,-0.37502,0.5495068762081144,-0.32586666666666664,5,3.8,3,22,0,1,5,Blocker,Resolved,HADOOP,Bug,1,0,0,0,0,0,0,1,0,0,0
HADOOP-16058,1,-0.656,0.0,0.0,3,6.0,1,55,0,0,1,Major,Resolved,HADOOP,Sub-task,0,0,0,1,0,0,0,1,0,0,0
HADOOP-16063,4,0.46734999999999993,0.3874605571323787,0.00610000000000005,3,11.75,2,306,1,1,4,Major,Open,HADOOP,New Feature,0,0,1,0,0,0,0,1,0,0,0
HADOOP-16080,10,0.09659,0.6433582023690656,-0.06589999999999999,3,8.0,5,95,0,1,10,Major,Resolved,HADOOP,Bug,1,0,0,0,0,0,0,1,0,0,0
HADOOP-16085,7,0.7677714285714285,0.4013482557342842,0.3192083333333333,3,7.0,7,203,0,1,7,Major,Resolved,HADOOP,Sub-task,0,0,0,1,0,0,0,1,0,0,0
HADOOP-16095,1,0.8381,0.0,0.0,3,5.0,1,222,0,0,1,Major,Resolved,HADOOP,New Feature,0,0,1,0,0,0,0,1,0,0,0
HADOOP-16107,1,-0.4019,0.0,0.0,5,9.0,1,160,0,0,1,Blocker,Resolved,HADOOP,Bug,1,0,0,0,0,0,0,1,0,0,0
HADOOP-16109,4,0.48905,0.21637255679344672,-0.2528999999999999,5,7.5,3,273,0,1,4,Blocker,Resolved,HADOOP,Sub-task,0,0,0,1,0,0,0,1,0,0,0
HADOOP-16117,7,0.7677714285714285,0.4013482557342842,0.3192083333333333,3,7.0,7,42,0,1,7,Major,Resolved,HADOOP,Sub-task,0,0,0,1,0,0,0,1,0,0,0
HADOOP-16119,2,0.7875,0.18073649327128158,0.25560000000000005,3,7.0,2,197,0,1,2,Major,In Progress,HADOOP,New Feature,0,0,1,0,0,0,0,1,0,0,0
HADOOP-16151,2,-0.2263,0.0,0.0,5,4.5,2,148,0,1,2,Blocker,Resolved,HADOOP,Bug,1,0,0,0,0,0,0,1,0,0,0
HADOOP-16152,6,0.39975000000000005,0.3855236737218611,-0.6257,3,6.666666666666667,5,21,0,1,6,Major,Resolved,HADOOP,Improvement,0,1,0,0,0,0,0,1,0,0,0
HADOOP-16193,2,0.54815,0.2643872254856501,-0.37389999999999995,2,5.5,2,54,0,1,2,Minor,Resolved,HADOOP,Sub-task,0,0,0,1,0,0,0,1,0,0,0
HADOOP-16206,10,0.36995999999999996,0.6037047092743273,-0.12140000000000006,3,7.7,7,11,1,1,10,Major,Open,HADOOP,Task,0,0,0,0,1,0,0,1,0,0,0
HADOOP-16210,4,-0.019249999999999996,0.5513206719626368,-0.36360000000000003,4,6.75,3,27,0,1,4,Critical,Resolved,HADOOP,Sub-task,0,0,0,1,0,0,0,1,0,0,0
HADOOP-16219,9,0.03153333333333332,0.480735759019443,-0.56568,3,10.222222222222221,6,52,0,1,9,Major,Resolved,HADOOP,Improvement,0,1,0,0,0,0,0,1,0,0,0
HADOOP-16222,4,-0.019249999999999996,0.5513206719626368,-0.36360000000000003,3,6.75,3,210,0,1,4,Major,Resolved,HADOOP,Sub-task,0,0,0,1,0,0,0,1,0,0,0
HADOOP-16254,10,0.1691,0.6862056154438455,0.26783999999999997,5,7.1,8,52,0,1,10,Blocker,Resolved,HADOOP,New Feature,0,0,1,0,0,0,0,1,0,0,0
HADOOP-16266,4,0.06107500000000002,0.461303713223006,0.27265,2,7.0,2,22,0,1,4,Minor,Resolved,HADOOP,Improvement,0,1,0,0,0,0,0,1,0,0,0
HADOOP-16275,2,0.53685,0.042638538905548716,0.06029999999999991,2,8.0,1,11,0,1,2,Minor,Resolved,HADOOP,Sub-task,0,0,0,1,0,0,0,1,0,0,0
HADOOP-16318,4,0.7521,0.21938907599665639,0.10829999999999995,3,6.75,4,10,0,1,4,Major,Patch Available,HADOOP,Sub-task,0,0,0,1,0,0,0,1,0,0,0
HADOOP-16319,1,0.4019,0.0,0.0,2,7.0,1,127,0,0,1,Minor,Resolved,HADOOP,Sub-task,0,0,0,1,0,0,0,1,0,0,0
HADOOP-16341,2,0.54815,0.2643872254856501,-0.37389999999999995,3,5.5,2,1,0,1,2,Major,Resolved,HADOOP,Bug,1,0,0,0,0,0,0,1,0,0,0
HADOOP-16358,16,0.63693125,0.40726625970201197,-0.05708749999999996,3,6.125,7,186,0,1,16,Major,Resolved,HADOOP,Task,0,0,0,0,1,0,0,1,0,0,0
HADOOP-16438,1,0.5719,0.0,0.0,3,5.0,1,48,0,0,1,Major,Resolved,HADOOP,Task,0,0,0,0,1,0,0,1,0,0,0
HADOOP-16439,1,0.4404,0.0,0.0,3,4.0,1,72,0,0,1,Major,Resolved,HADOOP,Improvement,0,1,0,0,0,0,0,1,0,0,0
HADOOP-16458,1,0.605,0.0,0.0,3,5.0,1,83,0,0,1,Major,Resolved,HADOOP,Sub-task,0,0,0,1,0,0,0,1,0,0,0
HADOOP-16460,1,0.5719,0.0,0.0,3,5.0,1,54,0,0,1,Major,Resolved,HADOOP,Bug,1,0,0,0,0,0,0,1,0,0,0
HADOOP-16491,3,-0.5929666666666666,0.036488537012784365,-0.03159999999999996,3,8.666666666666666,3,30,0,1,3,Major,Resolved,HADOOP,Task,0,0,0,0,1,0,0,1,0,0,0
HADOOP-16494,8,0.5947,0.37204179872697096,-0.4331999999999999,5,7.0,6,38,0,1,8,Blocker,Resolved,HADOOP,Bug,1,0,0,0,0,0,0,1,0,0,0
HADOOP-16514,1,0.0,0.0,0.0,3,5.0,1,16,0,0,1,Major,Resolved,HADOOP,Improvement,0,1,0,0,0,0,0,1,0,0,0
HADOOP-16524,3,0.6631333333333334,0.29048222550327124,-0.16974999999999996,3,8.0,3,23,0,1,3,Major,Resolved,HADOOP,Improvement,0,1,0,0,0,0,0,1,0,0,0
HADOOP-16557,5,-0.21545999999999998,0.531554600205849,-0.8059333333333333,3,6.4,4,12,0,1,5,Major,Resolved,HADOOP,Sub-task,0,0,0,1,0,0,0,1,0,0,0
HADOOP-16560,5,0.7900400000000001,0.07990565061370819,-0.06493333333333318,3,8.0,4,14,0,1,5,Major,Resolved,HADOOP,Sub-task,0,0,0,1,0,0,0,1,0,0,0
HADOOP-16593,2,0.7002999999999999,0.20011121907579302,-0.28300000000000003,3,2.5,2,14,0,1,2,Major,In Progress,HADOOP,Sub-task,0,0,0,1,0,0,0,1,0,0,0
HADOOP-16595,36,0.7021472222222223,0.2705567714242097,0.08363888888888893,3,11.777777777777779,8,12,0,1,36,Major,Resolved,HADOOP,Sub-task,0,0,0,1,0,0,0,1,0,0,0
HADOOP-16614,3,0.6520666666666667,0.4165555465161078,-0.4605499999999999,3,7.0,1,94,0,1,3,Major,Resolved,HADOOP,Bug,1,0,0,0,0,0,0,1,0,0,0
HADOOP-16621,14,0.5743642857142858,0.38998288839609135,-0.1395857142857142,4,10.214285714285714,8,49,0,1,14,Critical,Resolved,HADOOP,Sub-task,0,0,0,1,0,0,0,1,0,0,0
HADOOP-16646,1,0.567,0.0,0.0,3,8.0,1,39,0,0,1,Major,Resolved,HADOOP,Improvement,0,1,0,0,0,0,0,1,0,0,0
HADOOP-16647,1,0.8957,0.0,0.0,4,5.0,1,92,0,0,1,Critical,Resolved,HADOOP,Task,0,0,0,0,1,0,0,1,0,0,0
HADOOP-16649,2,0.13125,0.4372041228076423,0.6183000000000001,2,7.5,2,53,1,1,2,Minor,Open,HADOOP,Bug,1,0,0,0,0,0,0,1,0,0,0
HADOOP-16654,2,0.2202,0.31140982643455556,-0.4404,3,9.0,2,30,0,1,2,Major,Resolved,HADOOP,Task,0,0,0,0,1,0,0,1,0,0,0
HADOOP-16663,5,0.7900400000000001,0.07990565061370819,-0.06493333333333318,3,8.0,4,0,0,1,5,Major,Resolved,HADOOP,Sub-task,0,0,0,1,0,0,0,1,0,0,0
HADOOP-16664,3,0.8024999999999999,0.11007374800559852,-0.13890000000000002,3,8.0,3,0,0,1,3,Major,Resolved,HADOOP,Sub-task,0,0,0,1,0,0,0,1,0,0,0
HADOOP-16670,4,0.48525,0.40774103300992404,0.6745,5,9.0,4,26,0,1,4,Blocker,Resolved,HADOOP,Task,0,0,0,0,1,0,0,1,0,0,0
HADOOP-16688,1,0.891,0.0,0.0,3,8.0,1,22,0,0,1,Major,Resolved,HADOOP,Improvement,0,1,0,0,0,0,0,1,0,0,0
HADOOP-16723,7,0.8246142857142856,0.2550729792861344,-0.22520000000000007,3,9.857142857142858,4,25,1,1,7,Major,Open,HADOOP,New Feature,0,0,1,0,0,0,0,1,0,0,0
HADOOP-16730,1,0.6745,0.0,0.0,3,4.0,1,317,0,0,1,Major,Resolved,HADOOP,New Feature,0,0,1,0,0,0,0,1,0,0,0
HADOOP-16739,1,0.6249,0.0,0.0,3,4.0,1,18,0,0,1,Major,Resolved,HADOOP,Improvement,0,1,0,0,0,0,0,1,0,0,0
HADOOP-16751,5,0.50834,0.3118117749540578,-0.27751666666666663,2,6.0,3,30,0,1,5,Minor,Resolved,HADOOP,Sub-task,0,0,0,1,0,0,0,1,0,0,0
HADOOP-16754,6,0.0011833333333333325,0.3944380530155105,0.37836666666666663,5,10.166666666666666,3,59,0,1,6,Blocker,Resolved,HADOOP,Bug,1,0,0,0,0,0,0,1,0,0,0
HADOOP-16759,4,0.76315,0.24488754562043372,0.18399999999999994,2,6.0,4,98,0,1,4,Minor,Resolved,HADOOP,Sub-task,0,0,0,1,0,0,0,1,0,0,0
HADOOP-16775,1,-0.9186,0.0,0.0,3,9.0,1,83,0,0,1,Major,Resolved,HADOOP,Improvement,0,1,0,0,0,0,0,1,0,0,0
HADOOP-16795,14,0.15584285714285714,0.49165441069966975,-0.08145714285714285,3,7.928571428571429,8,21,1,1,14,Major,Open,HADOOP,Improvement,0,1,0,0,0,0,0,1,0,0,0
HADOOP-16797,13,0.6143769230769232,0.2146789119974532,0.1152238095238095,3,8.0,6,31,0,1,13,Major,Resolved,HADOOP,Sub-task,0,0,0,1,0,0,0,1,0,0,0
HADOOP-16802,2,0.29705000000000004,0.3836054287937021,0.5425,3,11.0,2,53,1,1,2,Major,Open,HADOOP,Bug,1,0,0,0,0,0,0,1,0,0,0
HADOOP-16810,1,0.4329,0.0,0.0,5,14.0,1,190,0,0,1,Blocker,In Progress,HADOOP,Bug,1,0,0,0,0,0,0,1,0,0,0
HADOOP-16811,1,-0.2263,0.0,0.0,2,8.0,1,0,0,0,1,Minor,Resolved,HADOOP,Improvement,0,1,0,0,0,0,0,1,0,0,0
HADOOP-16820,2,0.6335,0.1076216520965925,-0.1522,3,10.5,1,16,0,1,2,Major,Resolved,HADOOP,Bug,1,0,0,0,0,0,0,1,0,0,0
HADOOP-16821,5,0.6223799999999999,0.09295645216981983,0.10830000000000006,3,11.4,1,34,0,1,5,Major,Resolved,HADOOP,Sub-task,0,0,0,1,0,0,0,1,0,0,0
HADOOP-16824,2,0.28555,0.29465139572043436,0.4167,3,11.0,1,7,0,1,2,Major,Resolved,HADOOP,Bug,1,0,0,0,0,0,0,1,0,0,0
HADOOP-16827,1,-0.2263,0.0,0.0,3,8.0,1,49,0,0,1,Major,Resolved,HADOOP,Sub-task,0,0,0,1,0,0,0,1,0,0,0
HADOOP-16829,5,0.16714,0.29502841897010534,-0.35351666666666665,3,7.2,3,91,0,1,5,Major,Resolved,HADOOP,New Feature,0,0,1,0,0,0,0,1,0,0,0
HADOOP-16830,8,0.4678375,0.4244366314388319,0.21887499999999993,3,8.125,3,151,0,1,8,Major,Resolved,HADOOP,New Feature,0,0,1,0,0,0,0,1,0,0,0
HADOOP-16867,3,0.6934,0.12272835858105495,0.20400000000000007,3,12.0,1,12,0,1,3,Major,Resolved,HADOOP,Task,0,0,0,0,1,0,0,1,0,0,0
HADOOP-16870,5,0.5126799999999999,0.3120705881687667,0.31396666666666667,3,6.4,3,8,0,1,5,Major,Resolved,HADOOP,Improvement,0,1,0,0,0,0,0,1,0,0,0
HADOOP-16878,18,0.37774444444444444,0.6701734518432938,0.06877777777777772,3,6.944444444444445,12,159,1,1,18,Major,Reopened,HADOOP,Improvement,0,1,0,0,0,0,0,1,0,0,0
HADOOP-16880,11,0.7647181818181817,0.2578069270527145,0.1293200000000001,3,4.909090909090909,10,78,0,1,11,Major,Resolved,HADOOP,Task,0,0,0,0,1,0,0,1,0,0,0
HADOOP-16888,2,-0.08600000000000001,0.35921024484276615,-0.508,3,5.0,2,19,0,1,2,Major,Resolved,HADOOP,Sub-task,0,0,0,1,0,0,0,1,0,0,0
HADOOP-16895,13,0.6324923076923077,0.18255938057491716,-0.07015238095238097,3,9.692307692307692,3,16,0,1,13,Major,Resolved,HADOOP,Improvement,0,1,0,0,0,0,0,1,0,0,0
HADOOP-16898,10,0.5005200000000001,0.6055895709508581,-0.21804000000000007,3,14.9,4,64,0,1,10,Major,Resolved,HADOOP,Improvement,0,1,0,0,0,0,0,1,0,0,0
HADOOP-16906,1,0.4854,0.0,0.0,5,2.0,1,96,0,0,1,Blocker,Resolved,HADOOP,Sub-task,0,0,0,1,0,0,0,1,0,0,0
HADOOP-16916,4,0.13847500000000001,0.3325324182191365,-0.27695000000000003,2,7.25,2,53,0,1,4,Minor,Resolved,HADOOP,New Feature,0,0,1,0,0,0,0,1,0,0,0
HADOOP-16917,2,0.54815,0.2643872254856501,-0.37389999999999995,5,5.5,2,23,0,1,2,Blocker,Resolved,HADOOP,Improvement,0,1,0,0,0,0,0,1,0,0,0
HADOOP-16918,2,0.29410000000000003,0.06236681810065351,0.0882,3,5.0,1,24,0,1,2,Major,Resolved,HADOOP,Improvement,0,1,0,0,0,0,0,1,0,0,0
HADOOP-16919,3,0.7340666666666666,0.16603789728051047,-0.22924999999999995,3,11.333333333333334,1,79,0,1,3,Major,Resolved,HADOOP,Bug,1,0,0,0,0,0,0,1,0,0,0
HADOOP-16924,1,0.775,0.0,0.0,3,8.0,1,57,0,0,1,Major,Resolved,HADOOP,Task,0,0,0,0,1,0,0,1,0,0,0
HADOOP-16932,1,-0.9186,0.0,0.0,2,9.0,1,85,0,0,1,Minor,Resolved,HADOOP,Bug,1,0,0,0,0,0,0,1,0,0,0
HADOOP-16944,4,0.3921,0.2993934869031055,-0.3591,3,4.75,1,80,0,1,4,Major,Resolved,HADOOP,Bug,1,0,0,0,0,0,0,1,0,0,0
HADOOP-16948,4,0.570775,0.35659563817672624,-0.12144999999999995,2,5.0,2,41,0,1,4,Minor,Resolved,HADOOP,Sub-task,0,0,0,1,0,0,0,1,0,0,0
HADOOP-16955,18,0.6139055555555556,0.2610755006241371,0.1172777777777777,3,7.0,9,122,0,1,18,Major,Patch Available,HADOOP,Improvement,0,1,0,0,0,0,0,1,0,0,0
HADOOP-16963,18,0.6139055555555556,0.2610755006241371,0.1172777777777777,4,7.0,9,106,1,1,18,Critical,Open,HADOOP,Bug,1,0,0,0,0,0,0,1,0,0,0
HADOOP-16982,14,0.6166142857142857,0.2198126924911748,0.06551428571428575,5,7.0,8,13,0,1,14,Blocker,Resolved,HADOOP,Task,0,0,0,0,1,0,0,1,0,0,0
HADOOP-16985,5,0.7900400000000001,0.07990565061370819,-0.06493333333333318,3,8.0,4,87,0,1,5,Major,Resolved,HADOOP,Bug,1,0,0,0,0,0,0,1,0,0,0
HADOOP-16988,4,0.51645,0.3293519950852988,0.4827999999999999,3,8.5,2,40,0,1,4,Major,Resolved,HADOOP,Task,0,0,0,0,1,0,0,1,0,0,0
HADOOP-16993,1,0.296,0.0,0.0,3,7.0,1,10,0,0,1,Major,Resolved,HADOOP,Bug,1,0,0,0,0,0,0,1,0,0,0
HADOOP-1700,1,0.5789,0.0,0.0,3,9.0,1,184,0,0,1,Major,Closed,HADOOP,New Feature,0,0,1,0,0,0,0,1,0,0,0
HADOOP-17000,4,0.3921,0.2993934869031055,-0.3591,3,4.75,1,0,0,1,4,Major,Resolved,HADOOP,Task,0,0,0,0,1,0,0,1,0,0,0
HADOOP-17007,4,0.45994999999999997,0.18710668080001844,0.10699999999999998,3,7.0,4,105,0,1,4,Major,Resolved,HADOOP,Bug,1,0,0,0,0,0,0,1,0,0,0
HADOOP-17019,9,0.5902777777777778,0.4591679915286392,-0.04157500000000003,3,12.0,7,29,0,1,9,Major,Resolved,HADOOP,Task,0,0,0,0,1,0,0,1,0,0,0
HADOOP-17046,30,0.5679133333333334,0.49881624543778014,0.22576000000000007,3,7.3,12,56,0,1,30,Major,Resolved,HADOOP,Improvement,0,1,0,0,0,0,0,1,0,0,0
HADOOP-17056,2,-0.88595,0.02510229073212246,0.035499999999999976,3,5.0,1,138,0,1,2,Major,Resolved,HADOOP,Bug,1,0,0,0,0,0,0,1,0,0,0
HADOOP-17076,4,0.13847500000000001,0.3325324182191365,-0.27695000000000003,2,7.25,2,64,0,1,4,Minor,Resolved,HADOOP,New Feature,0,0,1,0,0,0,0,1,0,0,0
HADOOP-17083,1,0.775,0.0,0.0,3,8.0,1,27,0,0,1,Major,Resolved,HADOOP,Bug,1,0,0,0,0,0,0,1,0,0,0
HADOOP-17096,1,-0.4451,0.0,0.0,3,4.0,1,399,0,0,1,Major,Resolved,HADOOP,Bug,1,0,0,0,0,0,0,1,0,0,0
HADOOP-17100,2,0.7071000000000001,0.1813021786962308,0.2564000000000001,3,8.5,2,1405,0,1,2,Major,Resolved,HADOOP,Sub-task,0,0,0,1,0,0,0,1,0,0,0
HADOOP-17112,23,0.6019434782608696,0.3609844806864177,-0.2069340909090911,5,4.956521739130435,14,133,0,1,23,Blocker,Resolved,HADOOP,Sub-task,0,0,0,1,0,0,0,1,0,0,0
HADOOP-17125,4,0.13847500000000001,0.3325324182191365,-0.27695000000000003,3,7.25,2,168,0,1,4,Major,Resolved,HADOOP,New Feature,0,0,1,0,0,0,0,1,0,0,0
HADOOP-17168,6,0.8150499999999999,0.10037535055978637,-0.1386333333333335,3,7.0,4,60,1,1,6,Major,Open,HADOOP,Improvement,0,1,0,0,0,0,0,1,0,0,0
HADOOP-17169,4,-0.180175,0.8439699851495511,-1.3144500000000001,3,5.75,2,0,0,1,4,Major,Patch Available,HADOOP,Sub-task,0,0,0,1,0,0,0,1,0,0,0
HADOOP-17171,1,0.5106,0.0,0.0,3,12.0,1,67,0,0,1,Major,Resolved,HADOOP,Bug,1,0,0,0,0,0,0,1,0,0,0
HADOOP-17177,7,0.7814714285714286,0.23377717107169751,0.13691666666666658,3,5.285714285714286,6,7,1,1,7,Major,Open,HADOOP,Improvement,0,1,0,0,0,0,0,1,0,0,0
HADOOP-17193,4,0.6760999999999999,0.062255120271347913,-0.04249999999999998,3,4.75,2,192,1,1,4,Major,Open,HADOOP,Improvement,0,1,0,0,0,0,0,1,0,0,0
HADOOP-17195,9,0.8755222222222222,0.08489850967151574,-0.012514999999999832,3,8.0,3,82,0,1,9,Major,Resolved,HADOOP,Sub-task,0,0,0,1,0,0,0,1,0,0,0
HADOOP-17198,13,0.6275538461538462,0.4392778346623479,-0.11092619047619046,3,7.923076923076923,3,22,0,1,13,Major,Resolved,HADOOP,Sub-task,0,0,0,1,0,0,0,1,0,0,0
HADOOP-17199,1,0.3818,0.0,0.0,3,11.0,1,67,0,0,1,Major,Resolved,HADOOP,Sub-task,0,0,0,1,0,0,0,1,0,0,0
HADOOP-17210,1,0.3818,0.0,0.0,3,11.0,1,32,0,0,1,Major,Resolved,HADOOP,New Feature,0,0,1,0,0,0,0,1,0,0,0
HADOOP-17223,1,0.4098,0.0,0.0,5,5.0,1,15,0,0,1,Blocker,Resolved,HADOOP,Bug,1,0,0,0,0,0,0,1,0,0,0
HADOOP-17224,1,0.7269,0.0,0.0,5,8.0,1,19,0,0,1,Blocker,Resolved,HADOOP,Bug,1,0,0,0,0,0,0,1,0,0,0
HADOOP-17234,2,0.0501,0.07085209947489206,-0.1002,3,7.5,1,22,0,1,2,Major,Resolved,HADOOP,Task,0,0,0,0,1,0,0,1,0,0,0
HADOOP-17249,2,0.29410000000000003,0.06236681810065351,0.0882,3,5.0,1,9,0,1,2,Major,Resolved,HADOOP,Improvement,0,1,0,0,0,0,0,1,0,0,0
HADOOP-17251,2,0.29410000000000003,0.06236681810065351,0.0882,3,5.0,1,9,0,1,2,Major,Resolved,HADOOP,Improvement,0,1,0,0,0,0,0,1,0,0,0
HADOOP-17276,6,0.11423333333333334,0.4478561361270678,-0.4510666666666667,3,6.0,3,27,0,1,6,Major,Resolved,HADOOP,Improvement,0,1,0,0,0,0,0,1,0,0,0
HADOOP-17278,20,0.72036,0.15629316380645566,0.0517399999999999,3,7.0,1,5,0,1,20,Major,Resolved,HADOOP,Sub-task,0,0,0,1,0,0,0,1,0,0,0
HADOOP-17287,7,0.7662714285714286,0.25630758679293725,-0.2333833333333334,3,6.857142857142857,3,0,0,1,7,Major,Resolved,HADOOP,Improvement,0,1,0,0,0,0,0,1,0,0,0
HADOOP-17290,9,0.8755222222222222,0.08489850967151574,-0.012514999999999832,3,8.0,3,26,0,1,9,Major,Resolved,HADOOP,Sub-task,0,0,0,1,0,0,0,1,0,0,0
HADOOP-17292,5,0.11078000000000002,0.29456480102008115,-0.27695000000000003,3,6.6,2,154,0,1,5,Major,Resolved,HADOOP,New Feature,0,0,1,0,0,0,0,1,0,0,0
HADOOP-17297,1,0.6623,0.0,0.0,3,12.0,1,72,0,0,1,Major,Resolved,HADOOP,Bug,1,0,0,0,0,0,0,1,0,0,0
HADOOP-17306,8,0.479375,0.2959402630358267,-0.16265000000000002,3,7.875,6,54,1,1,8,Major,Reopened,HADOOP,Bug,1,0,0,0,0,0,0,1,0,0,0
HADOOP-17313,4,0.200025,0.5394479423447642,0.5399499999999999,3,7.75,3,374,0,1,4,Major,Resolved,HADOOP,Sub-task,0,0,0,1,0,0,0,1,0,0,0
HADOOP-17317,1,-0.296,0.0,0.0,3,7.0,1,70,0,0,1,Major,Resolved,HADOOP,Bug,1,0,0,0,0,0,0,1,0,0,0
HADOOP-17318,1,-0.9186,0.0,0.0,2,9.0,1,157,0,0,1,Minor,Resolved,HADOOP,Sub-task,0,0,0,1,0,0,0,1,0,0,0
HADOOP-17325,2,-0.7655000000000001,0.0666094587877727,0.09419999999999995,3,6.0,2,47,0,1,2,Major,Resolved,HADOOP,Sub-task,0,0,0,1,0,0,0,1,0,0,0
HADOOP-17342,1,-0.2437,0.0,0.0,3,7.0,1,62,0,0,1,Major,Resolved,HADOOP,Improvement,0,1,0,0,0,0,0,1,0,0,0
HADOOP-17375,1,0.3331,0.0,0.0,3,8.0,1,82,0,0,1,Major,Resolved,HADOOP,Bug,1,0,0,0,0,0,0,1,0,0,0
HADOOP-17389,4,-0.35685,0.656951106755036,1.0769,3,8.0,3,33,0,1,4,Major,Resolved,HADOOP,Improvement,0,1,0,0,0,0,0,1,0,0,0
HADOOP-17400,1,-0.9186,0.0,0.0,3,9.0,1,143,0,0,1,Major,Resolved,HADOOP,Improvement,0,1,0,0,0,0,0,1,0,0,0
HADOOP-17450,2,0.35545,0.42970879092706493,0.6077,3,5.0,1,24,0,1,2,Major,Resolved,HADOOP,Sub-task,0,0,0,1,0,0,0,1,0,0,0
HADOOP-17464,2,0.11339999999999997,0.7725848691244218,-1.0926,3,5.5,2,37,1,1,2,Major,Open,HADOOP,Improvement,0,1,0,0,0,0,0,1,0,0,0
HADOOP-17472,1,0.3331,0.0,0.0,3,8.0,1,60,0,0,1,Major,Resolved,HADOOP,Test,0,0,0,0,0,1,0,1,0,0,0
HADOOP-17511,1,0.0516,0.0,0.0,3,4.0,1,110,0,0,1,Major,Resolved,HADOOP,Sub-task,0,0,0,1,0,0,0,1,0,0,0
HADOOP-17524,3,0.3079,0.5396761343620821,-0.65265,3,7.333333333333333,3,15,0,1,3,Major,Resolved,HADOOP,Sub-task,0,0,0,1,0,0,0,1,0,0,0
HADOOP-17541,2,0.6331,0.2464974239216305,0.3486,3,7.0,2,110,0,1,2,Major,Resolved,HADOOP,Bug,1,0,0,0,0,0,0,1,0,0,0
HADOOP-17563,22,0.3296,0.6485673009098777,-0.00040000000000001146,3,6.954545454545454,14,51,0,1,22,Major,Resolved,HADOOP,Improvement,0,1,0,0,0,0,0,1,0,0,0
HADOOP-17569,20,0.530775,0.4330095184015194,0.32537,3,4.0,7,598,0,1,20,Major,Resolved,HADOOP,Improvement,0,1,0,0,0,0,0,1,0,0,0
HADOOP-17592,2,0.05630000000000002,1.101672365088641,1.558,2,6.0,2,51,0,1,2,Minor,Resolved,HADOOP,Bug,1,0,0,0,0,0,0,1,0,0,0
HADOOP-17609,2,-0.04704999999999998,0.8228601612667854,1.1637,3,7.0,2,39,0,1,2,Major,Resolved,HADOOP,Improvement,0,1,0,0,0,0,0,1,0,0,0
HADOOP-17612,2,-0.3046,0.1653215654414148,-0.23379999999999998,3,7.0,2,17,0,1,2,Major,Resolved,HADOOP,Task,0,0,0,0,1,0,0,1,0,0,0
HADOOP-17623,2,0.4669,0.15429069965490463,-0.21819999999999995,3,10.0,2,0,0,1,2,Major,Resolved,HADOOP,Task,0,0,0,0,1,0,0,1,0,0,0
HADOOP-17628,1,0.4314,0.0,0.0,2,7.0,1,10,0,0,1,Minor,Resolved,HADOOP,Sub-task,0,0,0,1,0,0,0,1,0,0,0
HADOOP-17647,6,0.5459666666666667,0.39609895564955316,0.12380000000000002,3,5.0,3,14,0,1,6,Major,Resolved,HADOOP,Task,0,0,0,0,1,0,0,1,0,0,0
HADOOP-17648,11,0.11624545454545454,0.2247099034917525,0.01724333333333332,3,6.909090909090909,1,10,0,1,11,Major,Resolved,HADOOP,Task,0,0,0,0,1,0,0,1,0,0,0
HADOOP-17649,4,0.1031,0.8138782259445615,0.23159999999999997,3,6.0,2,45,1,1,4,Major,Open,HADOOP,Task,0,0,0,0,1,0,0,1,0,0,0
HADOOP-17659,3,-0.11333333333333334,0.19629909152447278,-0.17,3,7.333333333333333,1,55,0,1,3,Major,Resolved,HADOOP,Sub-task,0,0,0,1,0,0,0,1,0,0,0
HADOOP-17660,5,0.17616,0.24121701432527515,-0.07339999999999999,3,7.2,1,22,0,1,5,Major,Resolved,HADOOP,Sub-task,0,0,0,1,0,0,0,1,0,0,0
HADOOP-17661,2,0.30710000000000004,0.7469876036454688,-1.0564,5,6.5,2,79,0,1,2,Blocker,Resolved,HADOOP,Sub-task,0,0,0,1,0,0,0,1,0,0,0
HADOOP-17666,19,0.3377684210526316,0.6741989461185536,-0.0106155555555556,5,6.894736842105263,12,20,0,1,19,Blocker,Resolved,HADOOP,Sub-task,0,0,0,1,0,0,0,1,0,0,0
HADOOP-17667,8,0.201375,0.2895933935217248,0.09029999999999999,3,7.25,1,31,0,1,8,Major,Resolved,HADOOP,Task,0,0,0,0,1,0,0,1,0,0,0
HADOOP-17679,12,0.03314166666666666,0.20669729055854222,0.14388333333333336,3,7.083333333333333,1,8,0,1,12,Major,Resolved,HADOOP,Improvement,0,1,0,0,0,0,0,1,0,0,0
HADOOP-17691,1,0.5267,0.0,0.0,3,4.0,1,63,1,0,1,Major,Open,HADOOP,Sub-task,0,0,0,1,0,0,0,1,0,0,0
HADOOP-17692,8,0.3149,0.40810747534022385,-0.56155,5,7.0,1,107,0,1,8,Blocker,Resolved,HADOOP,Sub-task,0,0,0,1,0,0,0,1,0,0,0
HADOOP-17696,3,0.05086666666666665,0.4186242388268187,0.5863,3,7.0,1,0,0,1,3,Major,Resolved,HADOOP,Sub-task,0,0,0,1,0,0,0,1,0,0,0
HADOOP-17697,3,0.2114666666666667,0.1883470555472884,-0.09259999999999999,5,7.0,1,12,0,1,3,Blocker,Resolved,HADOOP,Bug,1,0,0,0,0,0,0,1,0,0,0
HADOOP-17705,1,0.4314,0.0,0.0,3,7.0,1,154,0,0,1,Major,Resolved,HADOOP,Sub-task,0,0,0,1,0,0,0,1,0,0,0
HADOOP-17707,39,0.2810102564102564,0.5156295838940728,0.01044736842105265,3,7.153846153846154,14,0,0,1,39,Major,Resolved,HADOOP,Bug,1,0,0,0,0,0,0,1,0,0,0
HADOOP-17718,3,-0.11816666666666666,0.7709333455839963,-1.30225,5,4.0,2,111,0,1,3,Blocker,Resolved,HADOOP,Bug,1,0,0,0,0,0,0,1,0,0,0
HADOOP-17728,7,0.8982285714285715,0.07286733868901103,-0.05490000000000006,2,8.0,3,85,0,1,7,Minor,Resolved,HADOOP,Bug,1,0,0,0,0,0,0,1,0,0,0
HADOOP-17730,33,0.28690000000000004,0.5519298698657286,0.09711948529411765,3,7.212121212121212,14,119,0,1,33,Major,Resolved,HADOOP,Bug,1,0,0,0,0,0,0,1,0,0,0
HADOOP-17739,19,0.3377684210526316,0.6741989461185536,-0.0106155555555556,3,6.894736842105263,12,0,0,1,19,Major,Resolved,HADOOP,Task,0,0,0,0,1,0,0,1,0,0,0
HADOOP-17746,3,0.5221333333333333,0.5954437113055552,-0.47709999999999997,2,7.0,3,42,0,1,3,Minor,Resolved,HADOOP,Sub-task,0,0,0,1,0,0,0,1,0,0,0
HADOOP-17752,1,0.4883,0.0,0.0,3,12.0,1,26,1,0,1,Major,Open,HADOOP,Sub-task,0,0,0,1,0,0,0,1,0,0,0
HADOOP-17784,1,0.899,0.0,0.0,3,12.0,1,49,0,0,1,Major,Resolved,HADOOP,Test,0,0,0,0,0,1,0,1,0,0,0
HADOOP-17787,2,0.3536,0.22429427099237284,0.3172,3,11.0,1,8,0,1,2,Major,Resolved,HADOOP,Improvement,0,1,0,0,0,0,0,1,0,0,0
HADOOP-17798,15,0.3204266666666667,0.6309405433462769,0.41881785714285713,3,10.866666666666667,8,133,0,1,15,Major,Resolved,HADOOP,Task,0,0,0,0,1,0,0,1,0,0,0
HADOOP-17799,11,0.3493909090909091,0.6777300413210933,0.18874333333333332,3,11.0,7,31,0,1,11,Major,Resolved,HADOOP,Task,0,0,0,0,1,0,0,1,0,0,0
HADOOP-17813,1,0.7579,0.0,0.0,3,11.0,1,14,0,0,1,Major,Resolved,HADOOP,Improvement,0,1,0,0,0,0,0,1,0,0,0
HADOOP-17819,9,0.8755222222222222,0.08489850967151574,-0.012514999999999832,3,8.0,3,36,0,1,9,Major,Resolved,HADOOP,Improvement,0,1,0,0,0,0,0,1,0,0,0
HADOOP-17839,1,-0.3071,0.0,0.0,3,7.0,1,142,1,0,1,Major,Open,HADOOP,Improvement,0,1,0,0,0,0,0,1,0,0,0
HADOOP-17843,3,0.9596,0.03100661219804575,-0.03165000000000007,3,6.0,2,15,0,1,3,Major,In Progress,HADOOP,Sub-task,0,0,0,1,0,0,0,1,0,0,0
HADOOP-17849,17,0.5148588235294117,0.46748040207427877,0.35522222222222233,3,4.0,7,37,0,1,17,Major,Resolved,HADOOP,Improvement,0,1,0,0,0,0,0,1,0,0,0
HADOOP-17857,9,0.8755222222222222,0.08489850967151574,-0.012514999999999832,3,8.0,3,305,0,1,9,Major,Resolved,HADOOP,Improvement,0,1,0,0,0,0,0,1,0,0,0
HADOOP-17873,7,0.8982285714285715,0.07286733868901103,-0.05490000000000006,3,8.0,3,75,1,1,7,Major,Reopened,HADOOP,Sub-task,0,0,0,1,0,0,0,1,0,0,0
HADOOP-17891,13,0.8118461538461539,0.25691376833282864,-0.13056428571428558,3,4.923076923076923,10,114,0,1,13,Major,Resolved,HADOOP,Bug,1,0,0,0,0,0,0,1,0,0,0
HADOOP-17892,1,0.8689,0.0,0.0,3,6.0,1,16,0,0,1,Major,Resolved,HADOOP,Task,0,0,0,0,1,0,0,1,0,0,0
HADOOP-17895,1,0.8205,0.0,0.0,3,8.0,1,72,1,0,1,Major,Open,HADOOP,Bug,1,0,0,0,0,0,0,1,0,0,0
HADOOP-17936,7,0.8982285714285715,0.07286733868901103,-0.05490000000000006,3,8.0,3,19,0,1,7,Major,Resolved,HADOOP,Test,0,0,0,0,0,1,0,1,0,0,0
HADOOP-17952,3,0.2623666666666667,0.8568730438830091,1.4776,3,5.333333333333333,3,0,0,1,3,Major,Resolved,HADOOP,Sub-task,0,0,0,1,0,0,0,1,0,0,0
HADOOP-17975,9,0.8755222222222222,0.08489850967151574,-0.012514999999999832,3,8.0,3,497,0,1,9,Major,Resolved,HADOOP,Bug,1,0,0,0,0,0,0,1,0,0,0
HADOOP-17985,1,-0.25,0.0,0.0,4,5.0,1,172,0,0,1,Critical,Resolved,HADOOP,Bug,1,0,0,0,0,0,0,1,0,0,0
HADOOP-17988,7,0.8982285714285715,0.07286733868901103,-0.05490000000000006,4,8.0,3,172,0,1,7,Critical,Resolved,HADOOP,Bug,1,0,0,0,0,0,0,1,0,0,0
HADOOP-18003,6,0.11423333333333334,0.4478561361270678,-0.4510666666666667,2,6.0,3,49,0,1,6,Minor,Resolved,HADOOP,New Feature,0,0,1,0,0,0,0,1,0,0,0
HADOOP-18007,1,0.7146,0.0,0.0,3,8.0,1,266,1,0,1,Major,Open,HADOOP,Bug,1,0,0,0,0,0,0,1,0,0,0
HADOOP-18014,6,0.11423333333333334,0.4478561361270678,-0.4510666666666667,3,6.0,3,0,0,1,6,Major,Resolved,HADOOP,Task,0,0,0,0,1,0,0,1,0,0,0
HADOOP-18033,5,0.5314,0.49278227443770745,-0.5866666666666667,3,6.6,4,31,0,1,5,Major,Resolved,HADOOP,Improvement,0,1,0,0,0,0,0,1,0,0,0
HADOOP-18045,10,0.6707,0.41343263054577595,0.18352000000000013,3,5.0,5,27,0,1,10,Major,Resolved,HADOOP,Bug,1,0,0,0,0,0,0,1,0,0,0
HADOOP-18066,7,0.8982285714285715,0.07286733868901103,-0.05490000000000006,3,8.0,3,137,0,1,7,Major,Resolved,HADOOP,Wish,0,0,0,0,0,0,1,1,0,0,0
HADOOP-18069,2,0.14179999999999998,0.7476947104266554,1.0574,3,10.0,2,54,0,1,2,Major,Resolved,HADOOP,Bug,1,0,0,0,0,0,0,1,0,0,0
HADOOP-18073,12,0.5871833333333333,0.38371912510285044,-0.00550000000000006,3,6.583333333333333,6,67,0,1,12,Major,Resolved,HADOOP,Task,0,0,0,0,1,0,0,1,0,0,0
HADOOP-18074,1,0.3679,0.0,0.0,3,6.0,1,163,0,0,1,Major,Resolved,HADOOP,Bug,1,0,0,0,0,0,0,1,0,0,0
HADOOP-18082,3,-0.4261,0.6978280805470642,0.5547000000000001,2,5.666666666666667,3,81,1,1,3,Minor,Reopened,HADOOP,Improvement,0,1,0,0,0,0,0,1,0,0,0
HADOOP-18088,47,0.5036276595744681,0.5030741395366,-0.08675108695652173,3,6.617021276595745,14,23,0,1,47,Major,Resolved,HADOOP,Improvement,0,1,0,0,0,0,0,1,0,0,0
HADOOP-18091,2,-0.4423,0.589019948728394,0.833,3,8.0,2,150,0,1,2,Major,Resolved,HADOOP,Sub-task,0,0,0,1,0,0,0,1,0,0,0
HADOOP-18094,13,0.5483923076923077,0.2950576849294006,-0.14874047619047626,5,7.923076923076923,6,69,0,1,13,Blocker,Resolved,HADOOP,Improvement,0,1,0,0,0,0,0,1,0,0,0
HADOOP-18096,13,0.6275538461538462,0.4392778346623479,-0.11092619047619046,4,7.923076923076923,3,36,0,1,13,Critical,Resolved,HADOOP,Bug,1,0,0,0,0,0,0,1,0,0,0
HADOOP-18103,3,0.32233333333333336,0.3608286620174918,-0.38695,3,10.333333333333334,2,36,0,1,3,Major,Resolved,HADOOP,New Feature,0,0,1,0,0,0,0,1,0,0,0
HADOOP-18125,3,-0.11816666666666666,0.7709333455839963,-1.30225,3,4.0,2,201,0,1,3,Major,Resolved,HADOOP,Task,0,0,0,0,1,0,0,1,0,0,0
HADOOP-18133,4,0.6760999999999999,0.062255120271347913,-0.04249999999999998,4,4.75,2,21,0,1,4,Critical,Resolved,HADOOP,Improvement,0,1,0,0,0,0,0,1,0,0,0
HADOOP-18134,6,0.7677833333333334,0.1511422828551517,-0.047900000000000054,4,6.833333333333333,3,39,0,1,6,Critical,Resolved,HADOOP,Improvement,0,1,0,0,0,0,0,1,0,0,0
HADOOP-18135,4,0.6760999999999999,0.062255120271347913,-0.04249999999999998,3,4.75,2,32,0,1,4,Major,Resolved,HADOOP,Improvement,0,1,0,0,0,0,0,1,0,0,0
HADOOP-18143,3,-0.4261,0.6978280805470642,0.5547000000000001,4,5.666666666666667,3,69,0,1,3,Critical,Resolved,HADOOP,Bug,1,0,0,0,0,0,0,1,0,0,0
HADOOP-18159,4,0.3143,0.36122527597055,0.19990000000000002,3,6.25,1,318,0,1,4,Major,Resolved,HADOOP,Bug,1,0,0,0,0,0,0,1,0,0,0
HADOOP-18160,1,-0.7003,0.0,0.0,3,8.0,1,82,0,0,1,Major,Resolved,HADOOP,Bug,1,0,0,0,0,0,0,1,0,0,0
HADOOP-18168,1,0.4939,0.0,0.0,2,7.0,1,68,0,0,1,Minor,Resolved,HADOOP,Sub-task,0,0,0,1,0,0,0,1,0,0,0
HADOOP-18178,2,0.6184000000000001,0.49073210614346396,0.6940000000000001,3,4.0,2,2,0,1,2,Major,Resolved,HADOOP,Bug,1,0,0,0,0,0,0,1,0,0,0
HADOOP-18197,25,0.603604,0.4392524639278267,-0.273053205128205,3,7.52,10,40,0,1,25,Major,Resolved,HADOOP,Improvement,0,1,0,0,0,0,0,1,0,0,0
HADOOP-18198,3,0.2098,0.40807117026322753,0.3534,3,9.0,1,129,0,1,3,Major,Resolved,HADOOP,Task,0,0,0,0,1,0,0,1,0,0,0
HADOOP-18206,2,0.053549999999999986,1.2819138836130919,1.8129,3,7.0,2,4,0,1,2,Major,Resolved,HADOOP,Sub-task,0,0,0,1,0,0,0,1,0,0,0
HADOOP-18207,4,0.257725,0.837862579722952,0.40835000000000005,3,6.75,3,53,1,1,4,Major,Reopened,HADOOP,Sub-task,0,0,0,1,0,0,0,1,0,0,0
HADOOP-18209,3,0.9596,0.03100661219804575,-0.03165000000000007,3,6.0,2,39,0,1,3,Major,Patch Available,HADOOP,Sub-task,0,0,0,1,0,0,0,1,0,0,0
HADOOP-18223,5,0.32174,0.4895092777466021,-0.3072666666666667,2,8.0,5,255,1,1,5,Minor,Open,HADOOP,Task,0,0,0,0,1,0,0,1,0,0,0
HADOOP-18241,1,0.8316,0.0,0.0,3,12.0,1,1,1,0,1,Major,Open,HADOOP,Improvement,0,1,0,0,0,0,0,1,0,0,0
HADOOP-18282,2,0.0,0.0,0.0,3,7.5,1,13,0,1,2,Major,Resolved,HADOOP,Improvement,0,1,0,0,0,0,0,1,0,0,0
HADOOP-18303,2,0.0828,0.40319228663256945,0.5702,4,5.5,1,42,0,1,2,Critical,Resolved,HADOOP,Bug,1,0,0,0,0,0,0,1,0,0,0
HADOOP-18305,2,0.0828,0.40319228663256945,0.5702,3,5.5,1,18,0,1,2,Major,Resolved,HADOOP,Task,0,0,0,0,1,0,0,1,0,0,0
HADOOP-18307,2,0.0828,0.40319228663256945,0.5702,3,5.5,1,27,0,1,2,Major,Resolved,HADOOP,Sub-task,0,0,0,1,0,0,0,1,0,0,0
HADOOP-18312,3,0.9596,0.03100661219804575,-0.03165000000000007,3,6.0,2,14,1,1,3,Major,Open,HADOOP,Sub-task,0,0,0,1,0,0,0,1,0,0,0
HADOOP-18320,12,0.23197500000000001,0.512700022385942,-0.3058833333333333,2,7.0,8,13,0,1,12,Minor,Resolved,HADOOP,Sub-task,0,0,0,1,0,0,0,1,0,0,0
HADOOP-18324,2,0.7646999999999999,0.20647518010647187,-0.2919999999999999,4,6.0,1,45,0,1,2,Critical,Resolved,HADOOP,Bug,1,0,0,0,0,0,0,1,0,0,0
HADOOP-18332,2,0.6184000000000001,0.49073210614346396,0.6940000000000001,3,4.0,2,60,0,1,2,Major,Resolved,HADOOP,Improvement,0,1,0,0,0,0,0,1,0,0,0
HADOOP-18344,1,0.1431,0.0,0.0,3,4.0,1,84,0,0,1,Major,Resolved,HADOOP,Sub-task,0,0,0,1,0,0,0,1,0,0,0
HADOOP-18345,6,0.11423333333333334,0.4478561361270678,-0.4510666666666667,3,6.0,3,79,0,1,6,Major,Resolved,HADOOP,New Feature,0,0,1,0,0,0,0,1,0,0,0
HADOOP-18354,1,0.024,0.0,0.0,3,6.0,1,5,0,0,1,Major,Resolved,HADOOP,Improvement,0,1,0,0,0,0,0,1,0,0,0
HADOOP-18401,1,0.8028,0.0,0.0,2,6.0,1,5,0,0,1,Minor,Resolved,HADOOP,Bug,1,0,0,0,0,0,0,1,0,0,0
HADOOP-18468,1,0.6249,0.0,0.0,3,6.0,1,6,0,0,1,Major,Resolved,HADOOP,Improvement,0,1,0,0,0,0,0,1,0,0,0
HADOOP-18470,17,0.3699294117647059,0.48360070275577804,0.4289513888888889,5,6.882352941176471,5,0,0,1,17,Blocker,Resolved,HADOOP,Task,0,0,0,0,1,0,0,1,0,0,0
HADOOP-18487,6,0.31625,0.3769188493561976,0.23030000000000003,3,6.0,4,87,0,1,6,Major,Resolved,HADOOP,Improvement,0,1,0,0,0,0,0,1,0,0,0
HADOOP-18502,1,-0.296,0.0,0.0,3,7.0,1,44,0,0,1,Major,Resolved,HADOOP,Improvement,0,1,0,0,0,0,0,1,0,0,0
HADOOP-18515,3,0.023866666666666665,0.5808069070985067,0.31735,3,7.0,2,21,0,1,3,Major,Resolved,HADOOP,Improvement,0,1,0,0,0,0,0,1,0,0,0
HADOOP-18525,11,0.48959090909090913,0.4640200910618967,-0.43308666666666656,4,7.909090909090909,6,640,1,1,11,Critical,Open,HADOOP,Bug,1,0,0,0,0,0,0,1,0,0,0
HADOOP-18532,12,0.23197500000000001,0.512700022385942,-0.3058833333333333,1,7.0,8,4,0,1,12,Trivial,Resolved,HADOOP,Bug,1,0,0,0,0,0,0,1,0,0,0
HADOOP-18535,38,0.4904315789473684,0.38202219060017056,-0.10504210526315799,3,7.2368421052631575,14,189,0,1,38,Major,Resolved,HADOOP,Improvement,0,1,0,0,0,0,0,1,0,0,0
HADOOP-18546,1,0.5719,0.0,0.0,5,5.0,1,54,0,0,1,Blocker,Resolved,HADOOP,Sub-task,0,0,0,1,0,0,0,1,0,0,0
HADOOP-18590,15,0.22454666666666664,0.48820147753429294,0.3562035714285714,3,6.733333333333333,4,0,0,1,15,Major,Resolved,HADOOP,Improvement,0,1,0,0,0,0,0,1,0,0,0
HADOOP-18596,11,0.3245272727272727,0.41961560764802136,-0.06716000000000005,3,7.0,8,99,0,1,11,Major,Resolved,HADOOP,Improvement,0,1,0,0,0,0,0,1,0,0,0
HADOOP-18631,2,0.053549999999999986,1.2819138836130919,1.8129,3,7.0,2,47,0,1,2,Major,Resolved,HADOOP,Sub-task,0,0,0,1,0,0,0,1,0,0,0
HADOOP-18633,11,0.3245272727272727,0.41961560764802136,-0.06716000000000005,3,7.0,8,115,0,1,11,Major,Resolved,HADOOP,Bug,1,0,0,0,0,0,0,1,0,0,0
HADOOP-18641,15,0.22454666666666664,0.48820147753429294,0.3562035714285714,3,6.733333333333333,4,74,0,1,15,Major,Resolved,HADOOP,Bug,1,0,0,0,0,0,0,1,0,0,0
HADOOP-18648,2,0.053549999999999986,1.2819138836130919,1.8129,3,7.0,2,47,0,1,2,Major,Resolved,HADOOP,Sub-task,0,0,0,1,0,0,0,1,0,0,0
HADOOP-18649,2,0.053549999999999986,1.2819138836130919,1.8129,3,7.0,2,68,0,1,2,Major,Resolved,HADOOP,Sub-task,0,0,0,1,0,0,0,1,0,0,0
HADOOP-18653,2,0.053549999999999986,1.2819138836130919,1.8129,3,7.0,2,101,0,1,2,Major,Resolved,HADOOP,Sub-task,0,0,0,1,0,0,0,1,0,0,0
HADOOP-18654,2,0.053549999999999986,1.2819138836130919,1.8129,3,7.0,2,34,0,1,2,Major,Resolved,HADOOP,Sub-task,0,0,0,1,0,0,0,1,0,0,0
HADOOP-18662,4,0.1031,0.8138782259445615,0.23159999999999997,3,6.0,2,135,0,1,4,Major,Resolved,HADOOP,Bug,1,0,0,0,0,0,0,1,0,0,0
HADOOP-18669,2,0.053549999999999986,1.2819138836130919,1.8129,3,7.0,2,101,0,1,2,Major,Resolved,HADOOP,Sub-task,0,0,0,1,0,0,0,1,0,0,0
HADOOP-1867,1,0.0,0.0,0.0,3,7.0,1,54,0,0,1,Major,Resolved,HADOOP,Improvement,0,1,0,0,0,0,0,1,0,0,0
HADOOP-18671,40,0.42733499999999996,0.4495557325764045,-0.019790000000000085,3,6.75,13,113,0,1,40,Major,Resolved,HADOOP,New Feature,0,0,1,0,0,0,0,1,0,0,0
HADOOP-18679,44,0.4433045454545455,0.4692714977318669,0.14719090909090915,3,6.9772727272727275,11,109,0,1,44,Major,Resolved,HADOOP,Sub-task,0,0,0,1,0,0,0,1,0,0,0
HADOOP-18680,3,0.33790000000000003,0.6567230466490422,-0.4371,2,8.0,2,46,0,1,3,Minor,Resolved,HADOOP,Bug,1,0,0,0,0,0,0,1,0,0,0
HADOOP-18682,2,0.78365,0.08930758646386097,-0.12629999999999997,3,3.0,2,56,0,1,2,Major,Resolved,HADOOP,Improvement,0,1,0,0,0,0,0,1,0,0,0
HADOOP-18716,4,0.837575,0.20103448087330691,0.17364999999999997,4,11.0,3,49,1,1,4,Critical,Open,HADOOP,Bug,1,0,0,0,0,0,0,1,0,0,0
HADOOP-18724,15,0.31276666666666664,0.5359466480199401,0.10908928571428578,4,6.666666666666667,8,43,0,1,15,Critical,Resolved,HADOOP,Bug,1,0,0,0,0,0,0,1,0,0,0
HADOOP-18768,1,0.9163,0.0,0.0,3,9.0,1,216,1,0,1,Major,Open,HADOOP,Test,0,0,0,0,0,1,0,1,0,0,0
HADOOP-18783,2,0.5074000000000001,0.2859539823118398,-0.4044,3,11.0,2,1,0,1,2,Major,Resolved,HADOOP,Task,0,0,0,0,1,0,0,1,0,0,0
HADOOP-18843,24,0.62895,0.4273132462664627,-0.0910333333333333,3,7.75,9,7,0,1,24,Major,Resolved,HADOOP,Task,0,0,0,0,1,0,0,1,0,0,0
HADOOP-18886,6,0.5429666666666667,0.4369864330464582,-0.46506666666666674,3,5.833333333333333,5,30,0,1,6,Major,Resolved,HADOOP,New Feature,0,0,1,0,0,0,0,1,0,0,0
HADOOP-18921,21,0.6470428571428571,0.4399445562470668,-0.13662818181818182,3,7.904761904761905,8,1,0,1,21,Major,Resolved,HADOOP,Improvement,0,1,0,0,0,0,0,1,0,0,0
HADOOP-18924,1,0.25,0.0,0.0,3,12.0,1,1,0,0,1,Major,Resolved,HADOOP,Improvement,0,1,0,0,0,0,0,1,0,0,0
HADOOP-18933,2,0.5074000000000001,0.2859539823118398,-0.4044,3,11.0,2,35,0,1,2,Major,Resolved,HADOOP,Improvement,0,1,0,0,0,0,0,1,0,0,0
HADOOP-18995,4,0.80315,0.11404646713803403,0.1019000000000001,3,4.75,4,12,0,1,4,Major,Resolved,HADOOP,Sub-task,0,0,0,1,0,0,0,1,0,0,0
HADOOP-18996,5,0.5833200000000001,0.501379189835398,-0.2814666666666666,3,5.2,5,114,0,1,5,Major,Resolved,HADOOP,Sub-task,0,0,0,1,0,0,0,1,0,0,0
HADOOP-19005,3,0.21916666666666665,0.5430175718458228,0.70375,3,3.6666666666666665,2,7,0,1,3,Major,In Progress,HADOOP,Improvement,0,1,0,0,0,0,0,1,0,0,0
HADOOP-19018,13,0.6807076923076922,0.329868495165216,0.027623809523809606,3,5.923076923076923,8,118,0,1,13,Major,Resolved,HADOOP,Task,0,0,0,0,1,0,0,1,0,0,0
HADOOP-19019,1,0.9235,0.0,0.0,3,11.0,1,410,0,0,1,Major,Resolved,HADOOP,Improvement,0,1,0,0,0,0,0,1,0,0,0
HADOOP-19057,3,0.38266666666666665,0.6766925914574012,-0.4472,4,7.0,3,312,0,1,3,Critical,Resolved,HADOOP,Sub-task,0,0,0,1,0,0,0,1,0,0,0
HADOOP-19069,4,-0.26727500000000004,0.2514516703066416,-0.04254999999999998,3,5.75,3,0,0,1,4,Major,Resolved,HADOOP,Sub-task,0,0,0,1,0,0,0,1,0,0,0
HADOOP-19071,3,0.7966333333333333,0.2248665678426505,0.3833,3,11.0,3,0,0,1,3,Major,In Progress,HADOOP,Sub-task,0,0,0,1,0,0,0,1,0,0,0
HADOOP-19074,5,0.31588,0.3072277607899391,0.13513333333333338,3,10.8,3,143,1,1,5,Major,Open,HADOOP,Improvement,0,1,0,0,0,0,0,1,0,0,0
HADOOP-19083,2,0.11559999999999998,0.30589439354130044,-0.4326,3,7.0,2,66,0,1,2,Major,Resolved,HADOOP,Sub-task,0,0,0,1,0,0,0,1,0,0,0
HADOOP-19084,27,0.6478259259259259,0.3916520311868221,-0.022365934065934123,5,6.962962962962963,10,142,0,1,27,Blocker,Resolved,HADOOP,Sub-task,0,0,0,1,0,0,0,1,0,0,0
HADOOP-19087,7,0.5768428571428572,0.5294802919125597,-0.4914416666666668,3,7.0,4,34,0,1,7,Major,Resolved,HADOOP,Improvement,0,1,0,0,0,0,0,1,0,0,0
HADOOP-19090,4,0.565575,0.6202529934094099,-0.5284500000000001,3,7.0,3,17,0,1,4,Major,Resolved,HADOOP,Improvement,0,1,0,0,0,0,0,1,0,0,0
HADOOP-19098,14,0.19219999999999998,0.5579530184246974,-0.0342571428571429,3,7.071428571428571,5,77,0,1,14,Major,Resolved,HADOOP,Sub-task,0,0,0,1,0,0,0,1,0,0,0
HADOOP-19106,1,0.6808,0.0,0.0,3,7.0,1,52,0,0,1,Major,Resolved,HADOOP,Bug,1,0,0,0,0,0,0,1,0,0,0
HADOOP-19107,3,0.8147000000000001,0.18019722528385396,0.31200000000000006,3,10.0,3,34,0,1,3,Major,Resolved,HADOOP,Task,0,0,0,0,1,0,0,1,0,0,0
HADOOP-19153,4,0.509275,0.1822656189009143,-0.28575,3,6.0,2,26,0,1,4,Major,Resolved,HADOOP,Bug,1,0,0,0,0,0,0,1,0,0,0
HADOOP-19154,3,0.4896666666666667,0.42436928886682335,0.7345,3,2.6666666666666665,2,119,1,1,3,Major,Open,HADOOP,Improvement,0,1,0,0,0,0,0,1,0,0,0
HADOOP-19163,4,0.509275,0.1822656189009143,-0.28575,3,6.0,2,0,0,1,4,Major,Resolved,HADOOP,Bug,1,0,0,0,0,0,0,1,0,0,0
HADOOP-19219,2,0.9187000000000001,0.006788225099390776,0.009599999999999942,3,11.0,2,78,0,1,2,Major,Resolved,HADOOP,Sub-task,0,0,0,1,0,0,0,1,0,0,0
HADOOP-19223,2,0.9187000000000001,0.006788225099390776,0.009599999999999942,3,11.0,2,0,1,1,2,Major,Open,HADOOP,Wish,0,0,0,0,0,0,1,1,0,0,0
HADOOP-19236,1,0.9726,0.0,0.0,3,16.0,1,129,1,0,1,Major,Open,HADOOP,New Feature,0,0,1,0,0,0,0,1,0,0,0
HADOOP-19252,6,0.06305,0.7055583994255897,0.7340333333333333,3,6.166666666666667,2,15,0,1,6,Major,Resolved,HADOOP,Task,0,0,0,0,1,0,0,1,0,0,0
HADOOP-19279,2,0.3664,0.00735391052434007,-0.010399999999999965,2,6.0,2,236,0,1,2,Minor,Resolved,HADOOP,Task,0,0,0,0,1,0,0,1,0,0,0
HADOOP-19291,13,0.23313846153846154,0.5584223409727049,-0.1258119047619048,3,7.076923076923077,5,68,0,1,13,Major,Resolved,HADOOP,Bug,1,0,0,0,0,0,0,1,0,0,0
HADOOP-19295,13,0.2899538461538462,0.5673834940840052,-0.13101428571428578,3,7.076923076923077,4,176,1,1,13,Major,Reopened,HADOOP,Sub-task,0,0,0,1,0,0,0,1,0,0,0
HADOOP-2,16,0.46516875,0.5451365048850915,-0.04941249999999997,3,9.25,8,38,0,1,16,Major,Closed,HADOOP,Bug,1,0,0,0,0,0,0,1,0,0,0
HADOOP-252,1,0.2289,0.0,0.0,3,8.0,1,97,0,0,1,Major,Closed,HADOOP,Improvement,0,1,0,0,0,0,0,1,0,0,0
HADOOP-8143,1,-0.9186,0.0,0.0,2,9.0,1,27,0,0,1,Minor,Resolved,HADOOP,Improvement,0,1,0,0,0,0,0,1,0,0,0
HADOOP-8545,1,0.93,0.0,0.0,3,5.0,1,18,0,0,1,Major,Closed,HADOOP,New Feature,0,0,1,0,0,0,0,1,0,0,0
HADOOP-9652,14,0.5388857142857143,0.4210365430095712,-0.3528285714285713,3,7.928571428571429,7,94,0,1,14,Major,Closed,HADOOP,Improvement,0,1,0,0,0,0,0,1,0,0,0
HADOOP-9747,1,0.9278,0.0,0.0,4,8.0,1,15,0,0,1,Critical,Resolved,HADOOP,Bug,1,0,0,0,0,0,0,1,0,0,0
HADOOP-9845,4,0.11772500000000001,0.5821876866612691,-0.25825,5,7.25,3,151,0,1,4,Blocker,Closed,HADOOP,Improvement,0,1,0,0,0,0,0,1,0,0,0
HDFS-10285,50,0.603496,0.34391177081647323,-0.1784,3,6.96,25,257,0,1,50,Major,Resolved,HDFS,New Feature,0,0,1,0,0,0,0,0,1,0,0
HDFS-10419,22,0.4072727272727273,0.47900742829692766,-0.00927272727272721,3,7.454545454545454,14,321,1,1,22,Major,Open,HDFS,New Feature,0,0,1,0,0,0,0,0,1,0,0
HDFS-10467,7,0.48431428571428575,0.46972196183335035,-0.0016083333333333782,3,7.857142857142857,6,12,0,1,7,Major,Resolved,HDFS,New Feature,0,0,1,0,0,0,0,0,1,0,0
HDFS-10719,2,0.0772,0.0,0.0,3,5.5,1,144,0,1,2,Major,Resolved,HDFS,Bug,1,0,0,0,0,0,0,0,1,0,0
HDFS-10943,1,0.6641,0.0,0.0,3,4.0,1,447,1,0,1,Major,Open,HDFS,Bug,1,0,0,0,0,0,0,0,1,0,0
HDFS-11187,3,0.09936666666666667,0.770276913410582,-0.22594999999999998,3,6.0,2,83,0,1,3,Major,Resolved,HDFS,Improvement,0,1,0,0,0,0,0,0,1,0,0
HDFS-11847,6,-0.22240000000000001,0.6007560869437779,-0.7978666666666666,3,8.0,4,72,0,1,6,Major,Resolved,HDFS,Improvement,0,1,0,0,0,0,0,0,1,0,0
HDFS-11848,6,-0.22240000000000001,0.6007560869437779,-0.7978666666666666,3,8.0,4,89,0,1,6,Major,Resolved,HDFS,Improvement,0,1,0,0,0,0,0,0,1,0,0
HDFS-11915,4,0.720325,0.2323790635291111,-0.40075000000000005,4,6.0,3,73,0,1,4,Critical,Resolved,HDFS,Bug,1,0,0,0,0,0,0,0,1,0,0
HDFS-12,1,-0.1727,0.0,0.0,3,6.0,1,229,0,0,1,Major,Resolved,HDFS,Bug,1,0,0,0,0,0,0,0,1,0,0
HDFS-12026,5,0.8032199999999999,0.16512112826649408,0.19445000000000012,5,6.0,2,33,0,1,5,Blocker,Resolved,HDFS,Sub-task,0,0,0,1,0,0,0,0,1,0,0
HDFS-12116,1,0.8221,0.0,0.0,3,8.0,1,96,0,0,1,Major,Patch Available,HDFS,Bug,1,0,0,0,0,0,0,0,1,0,0
HDFS-12214,7,0.7922857142857144,0.27204136590214506,-0.11155833333333343,3,9.714285714285714,4,47,0,1,7,Major,Resolved,HDFS,Sub-task,0,0,0,1,0,0,0,0,1,0,0
HDFS-12225,7,0.7922857142857144,0.27204136590214506,-0.11155833333333343,3,9.714285714285714,4,231,0,1,7,Major,Resolved,HDFS,Sub-task,0,0,0,1,0,0,0,0,1,0,0
HDFS-12226,7,0.7922857142857144,0.27204136590214506,-0.11155833333333343,3,9.714285714285714,4,12,1,1,7,Major,Open,HDFS,Improvement,0,1,0,0,0,0,0,0,1,0,0
HDFS-12291,7,0.7922857142857144,0.27204136590214506,-0.11155833333333343,3,9.714285714285714,4,76,0,1,7,Major,Resolved,HDFS,Sub-task,0,0,0,1,0,0,0,0,1,0,0
HDFS-12345,1,0.8381,0.0,0.0,3,5.0,1,90,0,0,1,Major,Resolved,HDFS,New Feature,0,0,1,0,0,0,0,0,1,0,0
HDFS-12548,4,0.39335,0.12012752945654602,0.04410000000000003,3,5.0,2,298,1,1,4,Major,Open,HDFS,Bug,1,0,0,0,0,0,0,0,1,0,0
HDFS-12615,30,0.6590433333333333,0.28362301677345964,0.20898000000000005,3,6.4,16,13,0,1,30,Major,Resolved,HDFS,Improvement,0,1,0,0,0,0,0,0,1,0,0
HDFS-12641,2,-0.12865,0.23666863966313745,-0.3347,3,6.5,1,92,0,1,2,Major,Resolved,HDFS,Task,0,0,0,0,1,0,0,0,1,0,0
HDFS-12711,3,0.16913333333333333,0.4655428802305254,0.536,4,9.0,1,0,0,1,3,Critical,Resolved,HDFS,Test,0,0,0,0,0,1,0,0,1,0,0
HDFS-12749,1,-0.0516,0.0,0.0,3,5.0,1,353,0,0,1,Major,Resolved,HDFS,Bug,1,0,0,0,0,0,0,0,1,0,0
HDFS-12750,3,0.5487000000000001,0.5036164115673754,-0.54795,3,8.0,3,27,0,1,3,Major,Resolved,HDFS,Sub-task,0,0,0,1,0,0,0,0,1,0,0
HDFS-12861,2,0.1988,0.6512453454728103,0.921,3,6.0,2,114,0,1,2,Major,Patch Available,HDFS,Improvement,0,1,0,0,0,0,0,0,1,0,0
HDFS-12862,22,0.6783227272727272,0.27336320324331487,0.04410000000000003,3,7.0,12,178,0,1,22,Major,Resolved,HDFS,Bug,1,0,0,0,0,0,0,0,1,0,0
HDFS-12914,1,0.9127,0.0,0.0,4,6.0,1,94,0,0,1,Critical,Resolved,HDFS,Bug,1,0,0,0,0,0,0,0,1,0,0
HDFS-12919,6,-0.22240000000000001,0.6007560869437779,-0.7978666666666666,4,8.0,4,43,0,1,6,Critical,Resolved,HDFS,Sub-task,0,0,0,1,0,0,0,0,1,0,0
HDFS-12920,12,0.6587416666666667,0.26363463511711305,-0.0021499999999998742,4,4.916666666666667,5,133,0,1,12,Critical,Resolved,HDFS,Bug,1,0,0,0,0,0,0,0,1,0,0
HDFS-12943,21,0.49046666666666666,0.5078807560179194,0.14054090909090905,3,12.904761904761905,11,72,0,1,21,Major,Resolved,HDFS,New Feature,0,0,1,0,0,0,0,0,1,0,0
HDFS-12990,58,0.3854310344827586,0.5322375878281772,0.38989655172413795,4,6.810344827586207,27,179,0,1,58,Critical,Resolved,HDFS,Task,0,0,0,0,1,0,0,0,1,0,0
HDFS-12995,6,0.4564,0.30269670629195816,-0.42000000000000004,3,5.0,2,17,0,1,6,Major,Resolved,HDFS,Sub-task,0,0,0,1,0,0,0,0,1,0,0
HDFS-13004,6,-0.22240000000000001,0.6007560869437779,-0.7978666666666666,3,8.0,4,177,0,1,6,Major,Resolved,HDFS,Bug,1,0,0,0,0,0,0,0,1,0,0
HDFS-13050,6,0.4564,0.30269670629195816,-0.42000000000000004,5,5.0,2,19,0,1,6,Blocker,Resolved,HDFS,Sub-task,0,0,0,1,0,0,0,0,1,0,0
HDFS-13074,10,0.38142,0.6046140491623102,0.30656,3,7.0,6,271,0,1,10,Major,Resolved,HDFS,New Feature,0,0,1,0,0,0,0,0,1,0,0
HDFS-13075,5,0.356,0.19730793192368115,-0.274,3,5.0,2,17,0,1,5,Major,Resolved,HDFS,Sub-task,0,0,0,1,0,0,0,0,1,0,0
HDFS-13076,7,0.7922857142857144,0.27204136590214506,-0.11155833333333343,3,9.714285714285714,4,17,0,1,7,Major,Resolved,HDFS,Sub-task,0,0,0,1,0,0,0,0,1,0,0
HDFS-13101,8,-0.0216625,0.6031390527600461,-0.03177500000000001,4,5.375,7,40,0,1,8,Critical,Resolved,HDFS,Bug,1,0,0,0,0,0,0,0,1,0,0
HDFS-13157,2,0.95845,0.010111626970967616,-0.01429999999999998,3,5.5,1,100,0,1,2,Major,Patch Available,HDFS,Improvement,0,1,0,0,0,0,0,0,1,0,0
HDFS-13176,2,0.9077500000000001,0.0864791593391147,0.12229999999999996,3,5.5,1,14,0,1,2,Major,Resolved,HDFS,Bug,1,0,0,0,0,0,0,0,1,0,0
HDFS-13181,2,0.6718999999999999,0.12162236636408624,-0.17200000000000004,3,6.5,2,15,0,1,2,Major,Resolved,HDFS,Bug,1,0,0,0,0,0,0,0,1,0,0
HDFS-13182,2,0.1558,1.1135517590125752,-1.5748000000000002,3,12.0,2,28,1,1,2,Major,Open,HDFS,Sub-task,0,0,0,1,0,0,0,0,1,0,0
HDFS-13183,7,0.4049714285714286,0.4195770398638996,-0.056516666666666715,3,7.142857142857143,3,107,0,1,7,Major,Resolved,HDFS,New Feature,0,0,1,0,0,0,0,0,1,0,0
HDFS-13198,3,0.31293333333333334,0.30536262596023983,-0.5035,2,8.0,3,96,0,1,3,Minor,Resolved,HDFS,Sub-task,0,0,0,1,0,0,0,0,1,0,0
HDFS-13248,12,0.32645833333333335,0.5768595078027442,0.3610833333333333,3,7.333333333333333,8,56,0,1,12,Major,Resolved,HDFS,Sub-task,0,0,0,1,0,0,0,0,1,0,0
HDFS-13251,3,0.31293333333333334,0.30536262596023983,-0.5035,3,8.0,3,46,0,1,3,Major,Resolved,HDFS,Bug,1,0,0,0,0,0,0,0,1,0,0
HDFS-13287,1,0.2942,0.0,0.0,2,5.0,1,55,1,0,1,Minor,Reopened,HDFS,Bug,1,0,0,0,0,0,0,0,1,0,0
HDFS-13293,10,0.07188000000000003,0.5536894713344898,0.40491999999999995,3,5.9,6,23,0,1,10,Major,Resolved,HDFS,Sub-task,0,0,0,1,0,0,0,0,1,0,0
HDFS-13314,3,-0.14006666666666664,0.5658606041538263,0.41045000000000004,3,4.666666666666667,3,31,0,1,3,Major,Resolved,HDFS,Improvement,0,1,0,0,0,0,0,0,1,0,0
HDFS-13322,2,-0.02915000000000001,0.6887927155538159,-0.9741,2,3.5,1,144,0,1,2,Minor,Resolved,HDFS,Bug,1,0,0,0,0,0,0,0,1,0,0
HDFS-13335,1,0.9741,0.0,0.0,3,9.0,1,49,0,0,1,Major,Resolved,HDFS,Sub-task,0,0,0,1,0,0,0,0,1,0,0
HDFS-13347,3,0.7784333333333334,0.24645602717996848,-0.20650000000000002,2,6.0,3,38,0,1,3,Minor,Resolved,HDFS,Sub-task,0,0,0,1,0,0,0,0,1,0,0
HDFS-13362,2,0.9422999999999999,0.004949747468305877,-0.007000000000000006,2,10.0,2,137,1,1,2,Minor,Open,HDFS,Task,0,0,0,0,1,0,0,0,1,0,0
HDFS-13364,3,0.7784333333333334,0.24645602717996848,-0.20650000000000002,3,6.0,3,11,0,1,3,Major,Resolved,HDFS,Sub-task,0,0,0,1,0,0,0,0,1,0,0
HDFS-13404,6,-0.1668333333333333,0.6209051285556165,-0.00553333333333339,3,8.0,5,64,0,1,6,Major,Resolved,HDFS,Sub-task,0,0,0,1,0,0,0,0,1,0,0
HDFS-13427,1,0.4939,0.0,0.0,2,6.0,1,81,0,0,1,Minor,Resolved,HDFS,Bug,1,0,0,0,0,0,0,0,1,0,0
HDFS-13473,1,-0.0516,0.0,0.0,3,5.0,1,88,0,0,1,Major,Patch Available,HDFS,Improvement,0,1,0,0,0,0,0,0,1,0,0
HDFS-13522,6,0.29738333333333333,0.2927327273583647,0.07843333333333335,3,6.666666666666667,3,59,0,1,6,Major,Resolved,HDFS,Sub-task,0,0,0,1,0,0,0,0,1,0,0
HDFS-13528,1,0.4939,0.0,0.0,3,8.0,1,24,0,0,1,Major,Resolved,HDFS,Sub-task,0,0,0,1,0,0,0,0,1,0,0
HDFS-13532,19,0.6025052631578948,0.5530560886501318,0.2951222222222221,3,5.7894736842105265,10,13,0,1,19,Major,Resolved,HDFS,New Feature,0,0,1,0,0,0,0,0,1,0,0
HDFS-13541,4,0.79695,0.17013934485199675,-0.13729999999999998,3,5.75,1,154,0,1,4,Major,Resolved,HDFS,Improvement,0,1,0,0,0,0,0,0,1,0,0
HDFS-13547,6,0.6526500000000001,0.31485185564007717,0.4043666666666666,3,8.0,4,22,0,1,6,Major,Resolved,HDFS,Sub-task,0,0,0,1,0,0,0,0,1,0,0
HDFS-13566,7,0.6470285714285715,0.2872764911734902,0.37379166666666674,3,7.428571428571429,6,74,0,1,7,Major,Resolved,HDFS,Sub-task,0,0,0,1,0,0,0,0,1,0,0
HDFS-13571,6,0.9004,0.06494585437116059,-0.04493333333333338,3,9.833333333333334,6,152,0,1,6,Major,Resolved,HDFS,New Feature,0,0,1,0,0,0,0,0,1,0,0
HDFS-13572,2,0.8029999999999999,0.0637810316630266,-0.09019999999999995,3,12.0,1,91,1,1,2,Major,Open,HDFS,New Feature,0,0,1,0,0,0,0,0,1,0,0
HDFS-13579,5,0.09641999999999998,0.537656574404145,0.08345000000000002,3,11.0,3,124,1,1,5,Major,Open,HDFS,Bug,1,0,0,0,0,0,0,0,1,0,0
HDFS-13585,4,0.692075,0.3112757017500724,0.34025000000000005,4,8.75,3,181,1,1,4,Critical,Open,HDFS,Bug,1,0,0,0,0,0,0,0,1,0,0
HDFS-13596,55,0.6707563636363636,0.4281269986224823,0.08025357142857148,5,6.345454545454546,27,279,0,1,55,Blocker,Resolved,HDFS,Bug,1,0,0,0,0,0,0,0,1,0,0
HDFS-13616,14,0.5785428571428571,0.5341275729409821,-0.0820857142857142,3,12.857142857142858,5,70,0,1,14,Major,Resolved,HDFS,New Feature,0,0,1,0,0,0,0,0,1,0,0
HDFS-13637,19,0.6025052631578948,0.5530560886501318,0.2951222222222221,4,5.7894736842105265,10,82,0,1,19,Critical,Resolved,HDFS,Sub-task,0,0,0,1,0,0,0,0,1,0,0
HDFS-13654,1,0.6597,0.0,0.0,3,4.0,1,29,0,0,1,Major,Resolved,HDFS,Improvement,0,1,0,0,0,0,0,0,1,0,0
HDFS-13655,19,0.6025052631578948,0.5530560886501318,0.2951222222222221,3,5.7894736842105265,10,86,0,1,19,Major,Resolved,HDFS,Improvement,0,1,0,0,0,0,0,0,1,0,0
HDFS-13668,1,-0.0516,0.0,0.0,3,5.0,1,141,0,0,1,Major,Resolved,HDFS,Bug,1,0,0,0,0,0,0,0,1,0,0
HDFS-13671,7,0.8353571428571429,0.08488022653800388,-0.1316166666666666,3,8.714285714285714,7,222,0,1,7,Major,Resolved,HDFS,Bug,1,0,0,0,0,0,0,0,1,0,0
HDFS-13693,6,0.9004,0.06494585437116059,-0.04493333333333338,3,9.833333333333334,6,99,0,1,6,Major,Resolved,HDFS,Improvement,0,1,0,0,0,0,0,0,1,0,0
HDFS-13694,6,0.9004,0.06494585437116059,-0.04493333333333338,3,9.833333333333334,6,59,0,1,6,Major,Resolved,HDFS,Improvement,0,1,0,0,0,0,0,0,1,0,0
HDFS-13762,7,0.6550857142857142,0.33636495769016245,-0.3093083333333334,3,7.0,3,125,0,1,7,Major,Resolved,HDFS,New Feature,0,0,1,0,0,0,0,0,1,0,0
HDFS-13767,1,-0.6316,0.0,0.0,3,12.0,1,30,0,0,1,Major,Resolved,HDFS,Sub-task,0,0,0,1,0,0,0,0,1,0,0
HDFS-13834,19,0.6025052631578948,0.5530560886501318,0.2951222222222221,4,5.7894736842105265,10,137,0,1,19,Critical,Resolved,HDFS,Sub-task,0,0,0,1,0,0,0,0,1,0,0
HDFS-13873,14,0.46472857142857144,0.5703753425846628,0.1951714285714286,3,13.214285714285714,8,16,0,1,14,Major,Resolved,HDFS,Sub-task,0,0,0,1,0,0,0,0,1,0,0
HDFS-13877,4,-0.294875,0.5221906763817217,-0.8913500000000001,3,6.75,3,6,0,1,4,Major,Resolved,HDFS,Sub-task,0,0,0,1,0,0,0,0,1,0,0
HDFS-13891,34,0.31100588235294113,0.5726217895816952,-0.2801882352941176,3,6.147058823529412,16,44,0,1,34,Major,Resolved,HDFS,Improvement,0,1,0,0,0,0,0,0,1,0,0
HDFS-13898,1,0.9127,0.0,0.0,3,6.0,1,111,0,0,1,Major,Resolved,HDFS,Sub-task,0,0,0,1,0,0,0,0,1,0,0
HDFS-13941,4,-0.294875,0.5221906763817217,-0.8913500000000001,3,6.75,3,40,0,1,4,Major,Resolved,HDFS,Improvement,0,1,0,0,0,0,0,0,1,0,0
HDFS-14022,2,-0.03409999999999999,0.4645691552395617,0.657,3,5.5,2,537,0,1,2,Major,In Progress,HDFS,Improvement,0,1,0,0,0,0,0,0,1,0,0
HDFS-14058,19,0.5420947368421052,0.5070118588068333,0.14996333333333328,3,12.842105263157896,9,16,0,1,19,Major,Resolved,HDFS,Sub-task,0,0,0,1,0,0,0,0,1,0,0
HDFS-14059,19,0.5420947368421052,0.5070118588068333,0.14996333333333328,3,12.842105263157896,9,16,0,1,19,Major,Resolved,HDFS,Sub-task,0,0,0,1,0,0,0,0,1,0,0
HDFS-14067,2,0.1558,1.1135517590125752,-1.5748000000000002,3,12.0,2,79,0,1,2,Major,Resolved,HDFS,Sub-task,0,0,0,1,0,0,0,0,1,0,0
HDFS-14084,2,0.1988,0.6512453454728103,0.921,2,6.0,2,209,0,1,2,Minor,Patch Available,HDFS,Improvement,0,1,0,0,0,0,0,0,1,0,0
HDFS-14090,1,0.8225,0.0,0.0,3,6.0,1,213,0,0,1,Major,Resolved,HDFS,New Feature,0,0,1,0,0,0,0,0,1,0,0
HDFS-14116,11,0.4198545454545455,0.6358203950230542,0.1972566666666667,3,12.0,6,129,0,1,11,Major,Resolved,HDFS,Sub-task,0,0,0,1,0,0,0,0,1,0,0
HDFS-14130,2,0.1558,1.1135517590125752,-1.5748000000000002,3,12.0,2,20,0,1,2,Major,Resolved,HDFS,Sub-task,0,0,0,1,0,0,0,0,1,0,0
HDFS-14268,5,0.8895799999999999,0.03496086383372129,0.01430000000000009,3,6.0,4,38,0,1,5,Major,Resolved,HDFS,Sub-task,0,0,0,1,0,0,0,0,1,0,0
HDFS-14272,8,0.7666,0.24532016980730653,-0.19555,3,15.0,4,136,0,1,8,Major,Resolved,HDFS,Bug,1,0,0,0,0,0,0,0,1,0,0
HDFS-14277,4,0.39335,0.12012752945654602,0.04410000000000003,3,5.0,2,175,1,1,4,Major,Open,HDFS,Task,0,0,0,0,1,0,0,0,1,0,0
HDFS-14305,2,0.6769000000000001,0.1689985207035849,-0.239,3,6.0,1,194,0,1,2,Major,Resolved,HDFS,Bug,1,0,0,0,0,0,0,0,1,0,0
HDFS-14313,6,0.9004,0.06494585437116059,-0.04493333333333338,3,9.833333333333334,6,65,0,1,6,Major,Resolved,HDFS,Improvement,0,1,0,0,0,0,0,0,1,0,0
HDFS-14352,1,0.6124,0.0,0.0,3,6.0,1,165,1,0,1,Major,Open,HDFS,Improvement,0,1,0,0,0,0,0,0,1,0,0
HDFS-14353,17,0.5970705882352941,0.25884379402620866,0.11769305555555554,3,7.0,9,0,0,1,17,Major,Resolved,HDFS,Sub-task,0,0,0,1,0,0,0,0,1,0,0
HDFS-14396,27,0.7950518518518519,0.2626149878117428,-0.17756593406593402,5,6.7407407407407405,17,114,0,1,27,Blocker,Resolved,HDFS,Bug,1,0,0,0,0,0,0,0,1,0,0
HDFS-14403,3,0.19416666666666668,0.46143398588891715,0.009700000000000014,3,7.0,2,49,0,1,3,Major,Resolved,HDFS,Improvement,0,1,0,0,0,0,0,0,1,0,0
HDFS-14461,2,0.6712,0.10154053377838819,-0.14359999999999995,3,5.5,1,629,0,1,2,Major,Resolved,HDFS,Sub-task,0,0,0,1,0,0,0,0,1,0,0
HDFS-14467,3,0.8121,0.15191290267781726,0.2627999999999999,2,2.6666666666666665,2,213,0,1,3,Minor,Resolved,HDFS,Sub-task,0,0,0,1,0,0,0,0,1,0,0
HDFS-14476,21,0.48790476190476195,0.4117350476655958,-0.07032181818181821,3,6.619047619047619,10,191,0,1,21,Major,Resolved,HDFS,Improvement,0,1,0,0,0,0,0,0,1,0,0
HDFS-14483,4,0.414275,0.6703235804445492,0.74305,3,11.5,3,17,0,1,4,Major,Resolved,HDFS,Task,0,0,0,0,1,0,0,0,1,0,0
HDFS-14498,4,0.908525,0.04333531085231383,0.008649999999999936,3,8.0,3,185,0,1,4,Major,Resolved,HDFS,Bug,1,0,0,0,0,0,0,0,1,0,0
HDFS-14509,15,0.6485733333333333,0.35847876499505654,-0.12085357142857134,5,7.466666666666667,11,138,0,1,15,Blocker,Resolved,HDFS,Bug,1,0,0,0,0,0,0,0,1,0,0
HDFS-14536,4,0.242875,0.6913245131629574,-0.43765,3,6.0,2,396,1,1,4,Major,Open,HDFS,Improvement,0,1,0,0,0,0,0,0,1,0,0
HDFS-14546,1,-0.8091,0.0,0.0,3,8.0,1,49,0,0,1,Major,Resolved,HDFS,Bug,1,0,0,0,0,0,0,0,1,0,0
HDFS-14585,4,0.414275,0.6703235804445492,0.74305,3,11.5,3,0,0,1,4,Major,Resolved,HDFS,Task,0,0,0,0,1,0,0,0,1,0,0
HDFS-14599,6,0.2854666666666667,0.6440511335807637,0.11526666666666663,3,7.0,5,69,0,1,6,Major,Resolved,HDFS,Bug,1,0,0,0,0,0,0,0,1,0,0
HDFS-14617,4,0.67955,0.3653702642525798,0.39139999999999997,3,6.25,3,499,0,1,4,Major,Resolved,HDFS,Improvement,0,1,0,0,0,0,0,0,1,0,0
HDFS-14630,2,0.08230000000000001,0.5027529214236353,0.7110000000000001,2,8.0,1,43,0,1,2,Minor,Resolved,HDFS,Bug,1,0,0,0,0,0,0,0,1,0,0
HDFS-14637,2,0.95845,0.010111626970967616,-0.01429999999999998,3,5.5,1,314,0,1,2,Major,Resolved,HDFS,Bug,1,0,0,0,0,0,0,0,1,0,0
HDFS-14657,3,-0.12309999999999999,0.8307913877743317,-1.3584,3,10.0,2,110,0,1,3,Major,Patch Available,HDFS,Improvement,0,1,0,0,0,0,0,0,1,0,0
HDFS-14667,13,0.2155,0.6858698029995685,0.7549285714285714,3,7.0,5,29,0,1,13,Major,Resolved,HDFS,Improvement,0,1,0,0,0,0,0,0,1,0,0
HDFS-14674,3,0.8056666666666666,0.17960541008926575,0.29964999999999997,5,7.0,3,337,0,1,3,Blocker,Resolved,HDFS,Sub-task,0,0,0,1,0,0,0,0,1,0,0
HDFS-14703,6,0.77075,0.20948554842757053,-0.13370000000000015,3,5.833333333333333,5,27,1,1,6,Major,Open,HDFS,Improvement,0,1,0,0,0,0,0,0,1,0,0
HDFS-14740,1,0.9169,0.0,0.0,3,8.0,1,74,0,0,1,Major,Resolved,HDFS,Improvement,0,1,0,0,0,0,0,0,1,0,0
HDFS-14751,1,-0.2023,0.0,0.0,2,2.0,1,100,0,0,1,Minor,Resolved,HDFS,Bug,1,0,0,0,0,0,0,0,1,0,0
HDFS-14759,5,0.33877999999999997,0.5337895718351943,-0.5157833333333334,3,4.8,3,78,0,1,5,Major,Resolved,HDFS,Bug,1,0,0,0,0,0,0,0,1,0,0
HDFS-14787,2,0.62505,0.22535493116415267,-0.3187,3,4.0,1,446,1,1,2,Major,Open,HDFS,Bug,1,0,0,0,0,0,0,0,1,0,0
HDFS-14788,17,0.5970705882352941,0.25884379402620866,0.11769305555555554,3,7.0,9,77,0,1,17,Major,Resolved,HDFS,Improvement,0,1,0,0,0,0,0,0,1,0,0
HDFS-14814,1,0.8197,0.0,0.0,3,8.0,1,136,0,0,1,Major,Resolved,HDFS,Improvement,0,1,0,0,0,0,0,0,1,0,0
HDFS-14831,5,0.84254,0.09908003330641346,-0.1131833333333333,3,9.0,5,44,0,1,5,Major,Resolved,HDFS,Bug,1,0,0,0,0,0,0,0,1,0,0
HDFS-14854,7,0.8978285714285714,0.10785798864379831,0.0829416666666668,3,5.0,4,174,0,1,7,Major,Resolved,HDFS,Improvement,0,1,0,0,0,0,0,0,1,0,0
HDFS-14861,1,0.8197,0.0,0.0,3,8.0,1,294,0,0,1,Major,Resolved,HDFS,Improvement,0,1,0,0,0,0,0,0,1,0,0
HDFS-14941,26,0.3840230769230769,0.5161348609095823,0.24820000000000003,3,6.884615384615385,13,371,0,1,26,Major,Resolved,HDFS,Bug,1,0,0,0,0,0,0,0,1,0,0
HDFS-14978,8,0.5621375,0.26178947341873227,-0.13472499999999998,3,10.125,8,296,1,1,8,Major,Open,HDFS,New Feature,0,0,1,0,0,0,0,0,1,0,0
HDFS-14997,15,0.6112466666666666,0.49191046204229755,0.32960535714285705,3,4.8,7,139,0,1,15,Major,Resolved,HDFS,Improvement,0,1,0,0,0,0,0,0,1,0,0
HDFS-15000,1,0.2484,0.0,0.0,3,9.0,1,41,0,0,1,Major,Patch Available,HDFS,Improvement,0,1,0,0,0,0,0,0,1,0,0
HDFS-15012,5,0.04938,0.678001981560526,0.36329999999999996,5,5.8,4,129,0,1,5,Blocker,Resolved,HDFS,Bug,1,0,0,0,0,0,0,0,1,0,0
HDFS-15024,1,0.4445,0.0,0.0,3,7.0,1,182,1,0,1,Major,Open,HDFS,Improvement,0,1,0,0,0,0,0,0,1,0,0
HDFS-15025,2,0.32045,0.12975409434773147,-0.18350000000000002,3,8.0,2,42,0,1,2,Major,Resolved,HDFS,New Feature,0,0,1,0,0,0,0,0,1,0,0
HDFS-15038,7,0.16824285714285714,0.4837767937700983,-0.7493916666666667,3,8.0,4,2,0,1,7,Major,Resolved,HDFS,Bug,1,0,0,0,0,0,0,0,1,0,0
HDFS-15042,4,-0.7184,0.0,0.0,3,9.75,2,18,1,1,4,Major,Open,HDFS,Improvement,0,1,0,0,0,0,0,0,1,0,0
HDFS-15075,13,0.5664153846153847,0.5150030952110124,0.36709285714285705,3,4.0,7,32,0,1,13,Major,Resolved,HDFS,Improvement,0,1,0,0,0,0,0,0,1,0,0
HDFS-15078,4,0.00835000000000001,0.7592464707414407,1.0908,3,5.75,4,71,0,1,4,Major,Patch Available,HDFS,Improvement,0,1,0,0,0,0,0,0,1,0,0
HDFS-15079,4,0.00835000000000001,0.7592464707414407,1.0908,4,5.75,4,130,0,1,4,Critical,Resolved,HDFS,Sub-task,0,0,0,1,0,0,0,0,1,0,0
HDFS-15098,1,-0.6289,0.0,0.0,3,7.0,1,94,0,0,1,Major,Resolved,HDFS,New Feature,0,0,1,0,0,0,0,0,1,0,0
HDFS-15113,13,0.5664153846153847,0.5150030952110124,0.36709285714285705,5,4.0,7,174,0,1,13,Blocker,Resolved,HDFS,Bug,1,0,0,0,0,0,0,0,1,0,0
HDFS-15128,1,-0.2263,0.0,0.0,4,8.0,1,426,0,0,1,Critical,Resolved,HDFS,Bug,1,0,0,0,0,0,0,0,1,0,0
HDFS-15150,2,0.7565,0.24126483374085,0.34120000000000006,3,6.5,2,231,0,1,2,Major,Resolved,HDFS,Improvement,0,1,0,0,0,0,0,0,1,0,0
HDFS-15160,15,0.5567133333333333,0.47753014245425485,0.26340892857142856,3,4.0,7,161,0,1,15,Major,Resolved,HDFS,Improvement,0,1,0,0,0,0,0,0,1,0,0
HDFS-15161,6,0.9004,0.06494585437116059,-0.04493333333333338,3,9.833333333333334,6,95,0,1,6,Major,Resolved,HDFS,Bug,1,0,0,0,0,0,0,0,1,0,0
HDFS-15162,1,-0.3018,0.0,0.0,4,10.0,1,132,1,0,1,Critical,Open,HDFS,Improvement,0,1,0,0,0,0,0,0,1,0,0
HDFS-15180,8,0.5866875,0.3319705126212266,-0.317375,3,7.375,5,23,0,1,8,Major,Resolved,HDFS,Sub-task,0,0,0,1,0,0,0,0,1,0,0
HDFS-15191,3,0.9592666666666666,0.006028543218169159,0.006849999999999912,3,10.0,2,155,0,1,3,Major,Resolved,HDFS,Bug,1,0,0,0,0,0,0,0,1,0,0
HDFS-15202,1,0.508,0.0,0.0,2,3.0,1,163,0,0,1,Minor,Resolved,HDFS,Improvement,0,1,0,0,0,0,0,0,1,0,0
HDFS-15205,2,0.54815,0.2643872254856501,-0.37389999999999995,5,5.5,2,589,0,1,2,Blocker,Resolved,HDFS,Bug,1,0,0,0,0,0,0,0,1,0,0
HDFS-15206,4,0.66205,0.3162606572644365,-0.46859999999999996,2,7.75,4,838,1,1,4,Minor,Open,HDFS,Improvement,0,1,0,0,0,0,0,0,1,0,0
HDFS-15240,4,-0.35685,0.656951106755036,1.0769,5,8.0,3,489,0,1,4,Blocker,Resolved,HDFS,Bug,1,0,0,0,0,0,0,0,1,0,0
HDFS-15272,4,0.653475,0.21908388614105484,-0.06504999999999994,3,6.25,4,12,0,1,4,Major,Resolved,HDFS,Bug,1,0,0,0,0,0,0,0,1,0,0
HDFS-15286,5,0.41456,0.19120131537204443,0.3253500000000001,4,7.0,4,81,0,1,5,Critical,Resolved,HDFS,Bug,1,0,0,0,0,0,0,0,1,0,0
HDFS-15287,5,0.41456,0.19120131537204443,0.3253500000000001,3,7.0,4,74,0,1,5,Major,Resolved,HDFS,Bug,1,0,0,0,0,0,0,0,1,0,0
HDFS-15289,3,0.7512333333333334,0.20707323181264475,-0.029950000000000032,3,7.666666666666667,2,196,1,1,3,Major,Open,HDFS,New Feature,0,0,1,0,0,0,0,0,1,0,0
HDFS-15310,4,0.00835000000000001,0.7592464707414407,1.0908,4,5.75,4,22,0,1,4,Critical,Resolved,HDFS,Bug,1,0,0,0,0,0,0,0,1,0,0
HDFS-15313,14,0.3943928571428571,0.4864668404610245,0.17984285714285725,3,6.5,11,78,0,1,14,Major,Resolved,HDFS,Bug,1,0,0,0,0,0,0,0,1,0,0
HDFS-15323,24,0.34561250000000004,0.5190886054150478,0.25592499999999996,3,6.875,12,22,0,1,24,Major,Resolved,HDFS,Bug,1,0,0,0,0,0,0,0,1,0,0
HDFS-15350,1,0.6124,0.0,0.0,3,7.0,1,105,0,0,1,Major,Resolved,HDFS,Improvement,0,1,0,0,0,0,0,0,1,0,0
HDFS-15382,2,0.45175,0.2875803279085689,-0.4067,3,9.5,2,42,0,1,2,Major,Resolved,HDFS,Improvement,0,1,0,0,0,0,0,0,1,0,0
HDFS-15385,5,0.69322,0.13090375090118694,-0.19729999999999992,4,5.0,3,146,0,1,5,Critical,Resolved,HDFS,Improvement,0,1,0,0,0,0,0,0,1,0,0
HDFS-15413,4,0.48565,0.5094553987674812,-0.22299999999999998,4,4.75,3,512,1,1,4,Critical,Open,HDFS,Bug,1,0,0,0,0,0,0,0,1,0,0
HDFS-15421,27,0.39272222222222225,0.5081264154741063,0.2561126373626374,5,6.888888888888889,14,94,0,1,27,Blocker,Resolved,HDFS,Bug,1,0,0,0,0,0,0,0,1,0,0
HDFS-15422,4,0.39335,0.12012752945654602,0.04410000000000003,4,5.0,2,88,0,1,4,Critical,Resolved,HDFS,Bug,1,0,0,0,0,0,0,0,1,0,0
HDFS-15464,2,0.7483,0.2621951944639718,0.3708,3,15.0,2,108,0,1,2,Major,Resolved,HDFS,Sub-task,0,0,0,1,0,0,0,0,1,0,0
HDFS-15478,2,0.7483,0.2621951944639718,0.3708,3,15.0,2,59,0,1,2,Major,Resolved,HDFS,Sub-task,0,0,0,1,0,0,0,0,1,0,0
HDFS-15547,4,0.5053000000000001,0.35623182526738584,0.18810000000000004,3,9.5,1,146,1,1,4,Major,Open,HDFS,New Feature,0,0,1,0,0,0,0,0,1,0,0
HDFS-15566,26,0.5617115384615384,0.35898086002116947,-0.07016153846153839,5,5.269230769230769,15,163,0,1,26,Blocker,Resolved,HDFS,Bug,1,0,0,0,0,0,0,0,1,0,0
HDFS-15567,16,0.644825,0.5109409248305196,-0.177925,3,14.9375,5,71,0,1,16,Major,Resolved,HDFS,Improvement,0,1,0,0,0,0,0,0,1,0,0
HDFS-15569,6,-0.21245,0.46889932288285513,0.36450000000000005,3,10.666666666666666,3,133,0,1,6,Major,Resolved,HDFS,Improvement,0,1,0,0,0,0,0,0,1,0,0
HDFS-15574,2,0.7483,0.2621951944639718,0.3708,3,15.0,2,90,0,1,2,Major,Resolved,HDFS,Improvement,0,1,0,0,0,0,0,0,1,0,0
HDFS-15583,2,0.7483,0.2621951944639718,0.3708,3,15.0,2,53,0,1,2,Major,Resolved,HDFS,Improvement,0,1,0,0,0,0,0,0,1,0,0
HDFS-15624,3,0.2532666666666667,0.12693153009923627,0.18789999999999996,3,7.666666666666667,3,38,0,1,3,Major,Resolved,HDFS,Bug,1,0,0,0,0,0,0,0,1,0,0
HDFS-15628,2,0.7483,0.2621951944639718,0.3708,3,15.0,2,191,0,1,2,Major,Resolved,HDFS,Bug,1,0,0,0,0,0,0,0,1,0,0
HDFS-15630,6,0.11423333333333334,0.4478561361270678,-0.4510666666666667,3,6.0,3,37,0,1,6,Major,Resolved,HDFS,Sub-task,0,0,0,1,0,0,0,0,1,0,0
HDFS-15638,12,0.5883583333333333,0.3209251809104799,0.2895499999999999,3,4.916666666666667,4,189,1,1,12,Major,Open,HDFS,Improvement,0,1,0,0,0,0,0,0,1,0,0
HDFS-15643,8,0.479375,0.2959402630358267,-0.16265000000000002,5,7.875,6,211,0,1,8,Blocker,Resolved,HDFS,Sub-task,0,0,0,1,0,0,0,0,1,0,0
HDFS-15646,5,0.11840000000000002,0.4530560837247415,-0.4795,5,6.8,3,498,1,1,5,Blocker,Open,HDFS,Bug,1,0,0,0,0,0,0,0,1,0,0
HDFS-15651,13,0.5664153846153847,0.5150030952110124,0.36709285714285705,3,4.0,7,296,0,1,13,Major,Resolved,HDFS,Bug,1,0,0,0,0,0,0,0,1,0,0
HDFS-15660,2,0.47705,0.3210971893368112,0.45409999999999995,3,10.0,2,171,0,1,2,Major,Resolved,HDFS,Bug,1,0,0,0,0,0,0,0,1,0,0
HDFS-15666,1,0.25,0.0,0.0,2,8.0,1,60,0,0,1,Minor,Patch Available,HDFS,Improvement,0,1,0,0,0,0,0,0,1,0,0
HDFS-15680,2,0.5423,0.0,0.0,3,8.0,2,272,0,1,2,Major,Resolved,HDFS,Sub-task,0,0,0,1,0,0,0,0,1,0,0
HDFS-15707,4,-0.35685,0.656951106755036,1.0769,3,8.0,3,261,0,1,4,Major,Resolved,HDFS,Bug,1,0,0,0,0,0,0,0,1,0,0
HDFS-15708,4,-0.35685,0.656951106755036,1.0769,5,8.0,3,88,0,1,4,Blocker,Resolved,HDFS,Sub-task,0,0,0,1,0,0,0,0,1,0,0
HDFS-15709,4,-0.35685,0.656951106755036,1.0769,3,8.0,3,45,0,1,4,Major,Resolved,HDFS,Bug,1,0,0,0,0,0,0,0,1,0,0
HDFS-15711,4,0.13847500000000001,0.3325324182191365,-0.27695000000000003,3,7.25,2,18,0,1,4,Major,Resolved,HDFS,New Feature,0,0,1,0,0,0,0,0,1,0,0
HDFS-15731,4,0.05802499999999998,0.6128661755772353,0.02335000000000001,3,11.0,3,26,0,1,4,Major,Resolved,HDFS,Task,0,0,0,0,1,0,0,0,1,0,0
HDFS-15751,3,0.8324666666666666,0.14613724143192705,-0.15439999999999998,3,15.0,2,13,0,1,3,Major,Resolved,HDFS,Improvement,0,1,0,0,0,0,0,0,1,0,0
HDFS-15759,4,0.13847500000000001,0.3325324182191365,-0.27695000000000003,3,7.25,2,188,0,1,4,Major,Resolved,HDFS,New Feature,0,0,1,0,0,0,0,0,1,0,0
HDFS-15764,1,-0.836,0.0,0.0,2,8.0,1,78,0,0,1,Minor,Resolved,HDFS,Improvement,0,1,0,0,0,0,0,0,1,0,0
HDFS-15790,13,0.7253384615384615,0.31460391642630464,0.042785714285714205,4,5.153846153846154,8,73,0,1,13,Critical,Resolved,HDFS,Improvement,0,1,0,0,0,0,0,0,1,0,0
HDFS-15843,4,0.6760999999999999,0.062255120271347913,-0.04249999999999998,3,4.75,2,19,0,1,4,Major,Resolved,HDFS,Improvement,0,1,0,0,0,0,0,0,1,0,0
HDFS-15879,1,-0.836,0.0,0.0,3,8.0,1,49,0,0,1,Major,Resolved,HDFS,Improvement,0,1,0,0,0,0,0,0,1,0,0
HDFS-15900,2,-0.00034999999999996145,1.181787563397077,-1.6713,3,8.0,2,90,0,1,2,Major,Resolved,HDFS,Bug,1,0,0,0,0,0,0,0,1,0,0
HDFS-15982,1,0.9411,0.0,0.0,3,5.0,1,77,0,0,1,Major,Patch Available,HDFS,New Feature,0,0,1,0,0,0,0,0,1,0,0
HDFS-15988,6,0.27626666666666666,0.6835594039047862,0.21180000000000007,3,8.0,5,37,0,1,6,Major,Resolved,HDFS,Bug,1,0,0,0,0,0,0,0,1,0,0
HDFS-16101,1,0.5122,0.0,0.0,2,11.0,1,7,0,0,1,Minor,Resolved,HDFS,Improvement,0,1,0,0,0,0,0,0,1,0,0
HDFS-16171,9,0.8755222222222222,0.08489850967151574,-0.012514999999999832,3,8.0,3,32,0,1,9,Major,Resolved,HDFS,Sub-task,0,0,0,1,0,0,0,0,1,0,0
HDFS-16258,1,0.8565,0.0,0.0,5,4.0,1,21,0,0,1,Blocker,Resolved,HDFS,Bug,1,0,0,0,0,0,0,0,1,0,0
HDFS-16266,6,0.11423333333333334,0.4478561361270678,-0.4510666666666667,3,6.0,3,133,0,1,6,Major,Resolved,HDFS,Improvement,0,1,0,0,0,0,0,0,1,0,0
HDFS-16271,9,0.8755222222222222,0.08489850967151574,-0.012514999999999832,3,8.0,3,67,0,1,9,Major,Resolved,HDFS,Bug,1,0,0,0,0,0,0,0,1,0,0
HDFS-16283,1,0.0,0.0,0.0,3,6.0,1,71,0,0,1,Major,Resolved,HDFS,Sub-task,0,0,0,1,0,0,0,0,1,0,0
HDFS-16285,4,0.6760999999999999,0.062255120271347913,-0.04249999999999998,3,4.75,2,40,0,1,4,Major,Resolved,HDFS,Improvement,0,1,0,0,0,0,0,0,1,0,0
HDFS-16290,1,0.8957,0.0,0.0,2,12.0,1,48,0,0,1,Minor,Resolved,HDFS,Improvement,0,1,0,0,0,0,0,0,1,0,0
HDFS-16310,6,0.11423333333333334,0.4478561361270678,-0.4510666666666667,3,6.0,3,15,0,1,6,Major,Resolved,HDFS,Improvement,0,1,0,0,0,0,0,0,1,0,0
HDFS-16332,9,0.8755222222222222,0.08489850967151574,-0.012514999999999832,3,8.0,3,1224,0,1,9,Major,Resolved,HDFS,Bug,1,0,0,0,0,0,0,0,1,0,0
HDFS-16336,9,0.8755222222222222,0.08489850967151574,-0.012514999999999832,2,8.0,3,64,0,1,9,Minor,Resolved,HDFS,Sub-task,0,0,0,1,0,0,0,0,1,0,0
HDFS-16339,9,0.8755222222222222,0.08489850967151574,-0.012514999999999832,2,8.0,3,14,0,1,9,Minor,Resolved,HDFS,Wish,0,0,0,0,0,0,1,0,1,0,0
HDFS-16344,9,0.8755222222222222,0.08489850967151574,-0.012514999999999832,3,8.0,3,3,0,1,9,Major,Resolved,HDFS,Improvement,0,1,0,0,0,0,0,0,1,0,0
HDFS-16350,9,0.8755222222222222,0.08489850967151574,-0.012514999999999832,2,8.0,3,31,0,1,9,Minor,Resolved,HDFS,Bug,1,0,0,0,0,0,0,0,1,0,0
HDFS-16384,1,-0.6486,0.0,0.0,3,4.0,1,28,0,0,1,Major,Resolved,HDFS,Improvement,0,1,0,0,0,0,0,0,1,0,0
HDFS-16396,1,0.4939,0.0,0.0,3,10.0,1,29,0,0,1,Major,Resolved,HDFS,New Feature,0,0,1,0,0,0,0,0,1,0,0
HDFS-16397,1,0.4939,0.0,0.0,3,10.0,1,28,0,0,1,Major,Resolved,HDFS,New Feature,0,0,1,0,0,0,0,0,1,0,0
HDFS-16399,1,0.4939,0.0,0.0,3,10.0,1,0,0,0,1,Major,Resolved,HDFS,New Feature,0,0,1,0,0,0,0,0,1,0,0
HDFS-16400,1,0.4939,0.0,0.0,3,10.0,1,14,0,0,1,Major,Resolved,HDFS,New Feature,0,0,1,0,0,0,0,0,1,0,0
HDFS-16413,1,0.4939,0.0,0.0,3,10.0,1,6,0,0,1,Major,Resolved,HDFS,New Feature,0,0,1,0,0,0,0,0,1,0,0
HDFS-16419,1,-0.1779,0.0,0.0,3,11.0,1,39,0,0,1,Major,Resolved,HDFS,Improvement,0,1,0,0,0,0,0,0,1,0,0
HDFS-16453,6,0.36325,0.5915204704826369,-0.3797666666666667,3,6.0,3,100,0,1,6,Major,Resolved,HDFS,Bug,1,0,0,0,0,0,0,0,1,0,0
HDFS-16457,1,0.4939,0.0,0.0,3,10.0,1,24,0,0,1,Major,Resolved,HDFS,Improvement,0,1,0,0,0,0,0,0,1,0,0
HDFS-16463,4,0.6760999999999999,0.062255120271347913,-0.04249999999999998,3,4.75,2,28,0,1,4,Major,Resolved,HDFS,Improvement,0,1,0,0,0,0,0,0,1,0,0
HDFS-16464,4,0.6760999999999999,0.062255120271347913,-0.04249999999999998,3,4.75,2,133,0,1,4,Major,Resolved,HDFS,Improvement,0,1,0,0,0,0,0,0,1,0,0
HDFS-16465,4,0.6760999999999999,0.062255120271347913,-0.04249999999999998,3,4.75,2,35,0,1,4,Major,Resolved,HDFS,Improvement,0,1,0,0,0,0,0,0,1,0,0
HDFS-16466,6,0.7232666666666666,0.08754819625021791,-0.02833333333333332,3,4.833333333333333,3,26,0,1,6,Major,Resolved,HDFS,Improvement,0,1,0,0,0,0,0,0,1,0,0
HDFS-16467,4,0.6760999999999999,0.062255120271347913,-0.04249999999999998,3,4.75,2,90,0,1,4,Major,Resolved,HDFS,Improvement,0,1,0,0,0,0,0,0,1,0,0
HDFS-16468,4,0.6760999999999999,0.062255120271347913,-0.04249999999999998,3,4.75,2,33,0,1,4,Major,Resolved,HDFS,Improvement,0,1,0,0,0,0,0,0,1,0,0
HDFS-16469,4,0.6760999999999999,0.062255120271347913,-0.04249999999999998,3,4.75,2,48,0,1,4,Major,Resolved,HDFS,Improvement,0,1,0,0,0,0,0,0,1,0,0
HDFS-16470,4,0.6760999999999999,0.062255120271347913,-0.04249999999999998,3,4.75,2,36,0,1,4,Major,Resolved,HDFS,Improvement,0,1,0,0,0,0,0,0,1,0,0
HDFS-16471,4,0.6760999999999999,0.062255120271347913,-0.04249999999999998,3,4.75,2,37,0,1,4,Major,Resolved,HDFS,Improvement,0,1,0,0,0,0,0,0,1,0,0
HDFS-16472,4,0.6760999999999999,0.062255120271347913,-0.04249999999999998,3,4.75,2,37,0,1,4,Major,Resolved,HDFS,Improvement,0,1,0,0,0,0,0,0,1,0,0
HDFS-16473,4,0.6760999999999999,0.062255120271347913,-0.04249999999999998,3,4.75,2,37,0,1,4,Major,Resolved,HDFS,Improvement,0,1,0,0,0,0,0,0,1,0,0
HDFS-16474,4,0.6760999999999999,0.062255120271347913,-0.04249999999999998,3,4.75,2,37,0,1,4,Major,Resolved,HDFS,Improvement,0,1,0,0,0,0,0,0,1,0,0
HDFS-16577,3,0.40616666666666673,0.6573574091263696,-0.23990000000000006,3,14.0,2,170,1,1,3,Major,Open,HDFS,New Feature,0,0,1,0,0,0,0,0,1,0,0
HDFS-16714,5,0.21595999999999999,0.602863909186808,-0.7190666666666666,3,6.0,3,10,0,1,5,Major,Resolved,HDFS,Improvement,0,1,0,0,0,0,0,0,1,0,0
HDFS-16732,4,0.567925,0.41935372797516257,0.29965,4,7.0,2,166,0,1,4,Critical,Resolved,HDFS,Bug,1,0,0,0,0,0,0,0,1,0,0
HDFS-16740,1,-0.4678,0.0,0.0,3,9.0,1,116,0,0,1,Major,Resolved,HDFS,Improvement,0,1,0,0,0,0,0,0,1,0,0
HDFS-16767,6,0.29738333333333333,0.2927327273583647,0.07843333333333335,3,6.666666666666667,3,9,0,1,6,Major,Resolved,HDFS,Sub-task,0,0,0,1,0,0,0,0,1,0,0
HDFS-16799,2,0.7672000000000001,0.27577164466275356,-0.39,5,4.0,1,2127,0,1,2,Blocker,Resolved,HDFS,Bug,1,0,0,0,0,0,0,0,1,0,0
HDFS-16832,6,0.02621666666666665,0.5423798241699876,0.22343333333333332,3,7.0,3,124,0,1,6,Major,Resolved,HDFS,Bug,1,0,0,0,0,0,0,0,1,0,0
HDFS-16845,6,0.11423333333333334,0.4478561361270678,-0.4510666666666667,4,6.0,3,76,0,1,6,Critical,Resolved,HDFS,Bug,1,0,0,0,0,0,0,0,1,0,0
HDFS-16853,5,0.26828,0.6373788998703989,-0.06461666666666663,5,6.0,2,112,0,1,5,Blocker,Resolved,HDFS,Bug,1,0,0,0,0,0,0,0,1,0,0
HDFS-16858,12,0.23197500000000001,0.512700022385942,-0.3058833333333333,3,7.0,8,0,0,1,12,Major,Resolved,HDFS,New Feature,0,0,1,0,0,0,0,0,1,0,0
HDFS-16861,12,0.23197500000000001,0.512700022385942,-0.3058833333333333,3,7.0,8,74,0,1,12,Major,Resolved,HDFS,Bug,1,0,0,0,0,0,0,0,1,0,0
HDFS-16864,1,-0.611,0.0,0.0,2,15.0,1,228,1,0,1,Minor,Open,HDFS,Improvement,0,1,0,0,0,0,0,0,1,0,0
HDFS-16866,12,0.23197500000000001,0.512700022385942,-0.3058833333333333,2,7.0,8,5,0,1,12,Minor,Resolved,HDFS,Wish,0,0,0,0,0,0,1,0,1,0,0
HDFS-16889,5,0.25808,0.30907915167477734,0.1963,3,6.0,3,74,1,1,5,Major,Open,HDFS,Task,0,0,0,0,1,0,0,0,1,0,0
HDFS-16911,2,0.28525,0.2495379830807326,0.3529,3,9.0,2,124,0,1,2,Major,Resolved,HDFS,Bug,1,0,0,0,0,0,0,0,1,0,0
HDFS-16923,8,0.22912499999999997,0.5931078647983976,0.8509500000000001,4,7.0,3,34,0,1,8,Critical,Resolved,HDFS,Bug,1,0,0,0,0,0,0,0,1,0,0
HDFS-16932,6,0.02621666666666665,0.5423798241699876,0.22343333333333332,3,7.0,3,89,1,1,6,Major,Open,HDFS,Bug,1,0,0,0,0,0,0,0,1,0,0
HDFS-16934,2,0.298,0.4823882461254627,0.6822,2,7.0,2,279,0,1,2,Minor,Resolved,HDFS,Bug,1,0,0,0,0,0,0,0,1,0,0
HDFS-16943,1,-0.4554,0.0,0.0,3,8.0,1,82,0,0,1,Major,Resolved,HDFS,Task,0,0,0,0,1,0,0,0,1,0,0
HDFS-17,1,0.946,0.0,0.0,3,6.0,1,32,0,0,1,Major,Resolved,HDFS,Bug,1,0,0,0,0,0,0,0,1,0,0
HDFS-17129,2,0.8189,0.12671353518862935,-0.17920000000000003,5,7.0,2,23,1,1,2,Blocker,Reopened,HDFS,Bug,1,0,0,0,0,0,0,0,1,0,0
HDFS-17181,1,0.7941,0.0,0.0,3,7.0,1,127,0,0,1,Major,Resolved,HDFS,Bug,1,0,0,0,0,0,0,0,1,0,0
HDFS-17221,10,0.47955,0.5770351544268724,0.52726,3,11.6,3,23,0,1,10,Major,Patch Available,HDFS,Improvement,0,1,0,0,0,0,0,0,1,0,0
HDFS-17272,5,0.7664,0.10033017990614788,-0.15708333333333324,3,12.0,3,85,0,1,5,Major,Resolved,HDFS,Improvement,0,1,0,0,0,0,0,0,1,0,0
HDFS-17366,30,0.7981366666666666,0.31417542264697007,-0.13649999999999984,3,5.966666666666667,11,126,1,1,30,Major,Open,HDFS,Improvement,0,1,0,0,0,0,0,0,1,0,0
HDFS-17384,17,0.8012588235294117,0.35935202110678244,-0.22395833333333326,3,6.0,7,115,0,1,17,Major,Resolved,HDFS,Improvement,0,1,0,0,0,0,0,0,1,0,0
HDFS-17385,17,0.8012588235294117,0.35935202110678244,-0.22395833333333326,3,6.0,7,110,0,1,17,Major,In Progress,HDFS,Improvement,0,1,0,0,0,0,0,0,1,0,0
HDFS-17391,4,-0.26727500000000004,0.2514516703066416,-0.04254999999999998,3,5.75,3,50,0,1,4,Major,Resolved,HDFS,Improvement,0,1,0,0,0,0,0,0,1,0,0
HDFS-17473,8,0.756125,0.4193395070141343,0.3558500000000001,3,6.0,4,227,0,1,8,Major,Resolved,HDFS,Task,0,0,0,0,1,0,0,0,1,0,0
HDFS-17479,8,0.756125,0.4193395070141343,0.3558500000000001,3,6.0,4,248,1,1,8,Major,Open,HDFS,Task,0,0,0,0,1,0,0,0,1,0,0
HDFS-17505,8,0.756125,0.4193395070141343,0.3558500000000001,3,6.0,4,213,0,1,8,Major,Resolved,HDFS,Task,0,0,0,0,1,0,0,0,1,0,0
HDFS-17506,8,0.756125,0.4193395070141343,0.3558500000000001,3,6.0,4,7,0,1,8,Major,Resolved,HDFS,Sub-task,0,0,0,1,0,0,0,0,1,0,0
HDFS-17531,27,0.687911111111111,0.3607269554805358,0.03709450549450555,3,5.962962962962963,7,579,0,1,27,Major,Resolved,HDFS,New Feature,0,0,1,0,0,0,0,0,1,0,0
HDFS-1820,2,0.43590000000000007,0.10564175310927021,0.14940000000000003,3,2.5,2,123,0,1,2,Major,Resolved,HDFS,Bug,1,0,0,0,0,0,0,0,1,0,0
HDFS-1915,2,-0.03409999999999999,0.4645691552395617,0.657,3,5.5,2,287,0,1,2,Major,Patch Available,HDFS,Bug,1,0,0,0,0,0,0,0,1,0,0
HDFS-2,8,-0.03084999999999999,0.5015621653536934,-0.19045,3,9.625,6,37,0,1,8,Major,Resolved,HDFS,Bug,1,0,0,0,0,0,0,0,1,0,0
HDFS-252,1,0.2289,0.0,0.0,3,8.0,1,159,0,0,1,Major,Resolved,HDFS,New Feature,0,0,1,0,0,0,0,0,1,0,0
HDFS-3187,3,-0.24373333333333333,0.39188662050819406,0.12805,2,7.0,2,42,0,1,3,Minor,Closed,HDFS,Sub-task,0,0,0,1,0,0,0,0,1,0,0
HDFS-3246,7,0.6422,0.55270554547607,0.5206833333333334,3,10.714285714285714,4,35,0,1,7,Major,Resolved,HDFS,Improvement,0,1,0,0,0,0,0,0,1,0,0
HDFS-4210,2,0.0772,0.0,0.0,1,5.5,1,101,0,1,2,Trivial,Resolved,HDFS,Bug,1,0,0,0,0,0,0,0,1,0,0
HDFS-4817,1,-0.611,0.0,0.0,2,15.0,1,201,0,0,1,Minor,Closed,HDFS,Improvement,0,1,0,0,0,0,0,0,1,0,0
HDFS-4882,3,0.9274,0.026063959791252,-0.04365000000000008,4,8.0,3,246,0,1,3,Critical,Closed,HDFS,Bug,1,0,0,0,0,0,0,0,1,0,0
HDFS-4957,1,0.0772,0.0,0.0,3,6.0,1,77,1,0,1,Major,Open,HDFS,Bug,1,0,0,0,0,0,0,0,1,0,0
HDFS-6482,1,-0.5267,0.0,0.0,3,11.0,1,71,0,0,1,Major,Closed,HDFS,Improvement,0,1,0,0,0,0,0,0,1,0,0
HDFS-6984,4,0.44705,0.5170128915220586,-0.8941,3,7.0,4,132,0,1,4,Major,Resolved,HDFS,Improvement,0,1,0,0,0,0,0,0,1,0,0
HDFS-7175,1,0.7157,0.0,0.0,3,10.0,1,211,0,0,1,Major,Resolved,HDFS,Bug,1,0,0,0,0,0,0,0,1,0,0
HDFS-724,1,0.4404,0.0,0.0,5,9.0,1,37,0,0,1,Blocker,Closed,HDFS,Bug,1,0,0,0,0,0,0,0,1,0,0
HDFS-7240,117,0.396034188034188,0.4280303268667468,-0.026730742255990647,3,7.641025641025641,55,210,0,1,117,Major,Patch Available,HDFS,New Feature,0,0,1,0,0,0,0,0,1,0,0
HDFS-7337,2,0.7096,0.0,0.0,4,2.5,1,120,0,1,2,Critical,Resolved,HDFS,New Feature,0,0,1,0,0,0,0,0,1,0,0
HDFS-7443,1,-0.5267,0.0,0.0,5,11.0,1,184,0,0,1,Blocker,Closed,HDFS,Bug,1,0,0,0,0,0,0,0,1,0,0
HDFS-8031,17,0.5970705882352941,0.25884379402620866,0.11769305555555554,3,7.0,9,0,1,1,17,Major,Open,HDFS,Improvement,0,1,0,0,0,0,0,0,1,0,0
HDFS-8072,1,0.2263,0.0,0.0,3,10.0,1,55,0,0,1,Major,Closed,HDFS,Bug,1,0,0,0,0,0,0,0,1,0,0
HDFS-8432,1,0.5106,0.0,0.0,3,5.0,1,65,0,0,1,Major,Resolved,HDFS,Improvement,0,1,0,0,0,0,0,0,1,0,0
HDFS-8538,9,0.6616333333333333,0.2935212982050877,-0.2522549999999999,3,7.888888888888889,7,35,0,1,9,Major,Patch Available,HDFS,Improvement,0,1,0,0,0,0,0,0,1,0,0
HDFS-8707,24,0.6056374999999999,0.4101955056804435,-0.32065833333333355,3,8.916666666666666,13,41,0,1,24,Major,Resolved,HDFS,New Feature,0,0,1,0,0,0,0,0,1,0,0
HDFS-8765,4,0.8428,0.1746962697560159,-0.27760000000000007,3,9.0,4,30,1,1,4,Major,Open,HDFS,Sub-task,0,0,0,1,0,0,0,0,1,0,0
HDFS-8791,3,-0.40326666666666666,0.1159626807784872,-0.02514999999999995,5,11.0,3,419,0,1,3,Blocker,Resolved,HDFS,Bug,1,0,0,0,0,0,0,0,1,0,0
HDFS-9049,6,-0.22240000000000001,0.6007560869437779,-0.7978666666666666,3,8.0,4,43,0,1,6,Major,Resolved,HDFS,Bug,1,0,0,0,0,0,0,0,1,0,0
HDFS-9115,4,0.8428,0.1746962697560159,-0.27760000000000007,3,9.0,4,15,1,1,4,Major,Open,HDFS,Sub-task,0,0,0,1,0,0,0,0,1,0,0
HDFS-9260,7,0.3954714285714286,0.7656031537602357,-0.745375,3,5.714285714285714,6,35,0,1,7,Major,Resolved,HDFS,Improvement,0,1,0,0,0,0,0,0,1,0,0
HDFS-9427,18,0.038677777777777776,0.6514766291285158,0.6346666666666667,4,7.0,7,24,0,1,18,Critical,Resolved,HDFS,Bug,1,0,0,0,0,0,0,0,1,0,0
HDFS-9465,4,0.8428,0.1746962697560159,-0.27760000000000007,5,9.0,4,25,0,1,4,Blocker,Resolved,HDFS,Sub-task,0,0,0,1,0,0,0,0,1,0,0
HDFS-9806,13,0.6344384615384615,0.35799675403198267,-0.06789999999999985,3,5.0,4,101,0,1,13,Major,Resolved,HDFS,New Feature,0,0,1,0,0,0,0,0,1,0,0
HDFS-9924,7,0.665,0.2162204584831571,0.03400833333333331,3,11.857142857142858,4,114,1,1,7,Major,Open,HDFS,New Feature,0,0,1,0,0,0,0,0,1,0,0
MAPREDUCE-29,1,0.2289,0.0,0.0,3,8.0,1,39,0,0,1,Major,Resolved,MAPREDUCE,Bug,1,0,0,0,0,0,0,0,0,1,0
MAPREDUCE-4815,4,0.9002749999999999,0.07661502789923136,0.002749999999999919,3,7.0,3,81,0,1,4,Major,Closed,MAPREDUCE,Improvement,0,1,0,0,0,0,0,0,0,1,0
MAPREDUCE-6521,1,0.0258,0.0,0.0,3,4.0,1,36,0,0,1,Major,Resolved,MAPREDUCE,Bug,1,0,0,0,0,0,0,0,0,1,0
MAPREDUCE-6608,3,0.31826666666666664,1.095274953303203,-0.88775,3,5.0,2,44,1,1,3,Major,Open,MAPREDUCE,Bug,1,0,0,0,0,0,0,0,0,1,0
MAPREDUCE-6726,13,0.6767384615384615,0.3190838461869167,0.005797619047618885,3,5.0,8,83,0,1,13,Major,Patch Available,MAPREDUCE,Sub-task,0,0,0,1,0,0,0,0,0,1,0
MAPREDUCE-6749,15,0.6641466666666667,0.2974262186220467,3.3928571428476495e-05,3,5.0,10,25,1,1,15,Major,Open,MAPREDUCE,Improvement,0,1,0,0,0,0,0,0,0,1,0
MAPREDUCE-6871,2,0.812,0.18384776310850232,-0.2599999999999999,3,7.0,2,180,0,1,2,Major,Resolved,MAPREDUCE,New Feature,0,0,1,0,0,0,0,0,0,1,0
MAPREDUCE-7064,3,0.31293333333333334,0.30536262596023983,-0.5035,3,8.0,3,77,0,1,3,Major,Resolved,MAPREDUCE,Bug,1,0,0,0,0,0,0,0,0,1,0
MAPREDUCE-7066,5,0.7607999999999999,0.1860767583552551,-0.07433333333333336,3,8.0,3,61,0,1,5,Major,Resolved,MAPREDUCE,Test,0,0,0,0,0,1,0,0,0,1,0
MAPREDUCE-7079,9,0.15065555555555557,0.32944084108953126,-0.168605,3,13.88888888888889,5,280,0,1,9,Major,Resolved,MAPREDUCE,Bug,1,0,0,0,0,0,0,0,0,1,0
MAPREDUCE-7169,15,0.6641466666666667,0.2974262186220467,3.3928571428476495e-05,3,5.0,10,83,0,1,15,Major,Patch Available,MAPREDUCE,New Feature,0,0,1,0,0,0,0,0,0,1,0
MAPREDUCE-7184,1,-0.4019,0.0,0.0,3,9.0,1,37,0,0,1,Major,Resolved,MAPREDUCE,Bug,1,0,0,0,0,0,0,0,0,1,0
MAPREDUCE-7234,1,0.8353,0.0,0.0,1,8.0,1,4,0,0,1,Trivial,Resolved,MAPREDUCE,Improvement,0,1,0,0,0,0,0,0,0,1,0
MAPREDUCE-7284,7,-0.10071428571428571,0.5931875038821239,0.24684166666666668,3,8.0,5,98,0,1,7,Major,Resolved,MAPREDUCE,Bug,1,0,0,0,0,0,0,0,0,1,0
MAPREDUCE-7303,17,0.4224235294117647,0.6625900047629489,0.1245222222222222,3,6.9411764705882355,12,20,1,1,17,Major,Reopened,MAPREDUCE,Bug,1,0,0,0,0,0,0,0,0,1,0
MAPREDUCE-7315,4,0.13847500000000001,0.3325324182191365,-0.27695000000000003,2,7.25,2,33,0,1,4,Minor,Resolved,MAPREDUCE,New Feature,0,0,1,0,0,0,0,0,0,1,0
MAPREDUCE-7341,2,0.47905,0.06738727624707794,0.09529999999999994,3,5.5,1,376,0,1,2,Major,Resolved,MAPREDUCE,New Feature,0,0,1,0,0,0,0,0,0,1,0
MAPREDUCE-7348,20,0.33568,0.6562835279455302,-0.14200000000000002,3,6.95,12,56,0,1,20,Major,Resolved,MAPREDUCE,Bug,1,0,0,0,0,0,0,0,0,1,0
MAPREDUCE-7369,1,-0.1027,0.0,0.0,3,9.0,1,132,0,0,1,Major,Resolved,MAPREDUCE,Bug,1,0,0,0,0,0,0,0,0,1,0
MAPREDUCE-7372,1,0.4151,0.0,0.0,3,12.0,1,38,0,0,1,Major,Resolved,MAPREDUCE,Bug,1,0,0,0,0,0,0,0,0,1,0
MAPREDUCE-7376,1,0.5255,0.0,0.0,3,8.0,1,52,0,0,1,Major,Resolved,MAPREDUCE,Bug,1,0,0,0,0,0,0,0,0,1,0
MAPREDUCE-7428,3,-0.04950000000000002,0.8963513541017272,1.0215,4,8.0,2,16,0,1,3,Critical,Resolved,MAPREDUCE,Bug,1,0,0,0,0,0,0,0,0,1,0
MAPREDUCE-7430,1,0.654,0.0,0.0,3,11.0,1,209,1,0,1,Major,Open,MAPREDUCE,Improvement,0,1,0,0,0,0,0,0,0,1,0
MAPREDUCE-7458,1,0.8172,0.0,0.0,3,12.0,1,309,1,0,1,Major,Open,MAPREDUCE,Bug,1,0,0,0,0,0,0,0,0,1,0
MAPREDUCE-7472,1,0.8168,0.0,0.0,4,13.0,1,51,0,0,1,Critical,Patch Available,MAPREDUCE,Bug,1,0,0,0,0,0,0,0,0,1,0
YARN-10001,17,0.5970705882352941,0.25884379402620866,0.11769305555555554,3,7.0,9,0,0,1,17,Major,Resolved,YARN,Improvement,0,1,0,0,0,0,0,0,0,0,1
YARN-10002,17,0.5970705882352941,0.25884379402620866,0.11769305555555554,2,7.0,9,35,0,1,17,Minor,Resolved,YARN,Improvement,0,1,0,0,0,0,0,0,0,0,1
YARN-10036,1,0.0,0.0,0.0,3,5.0,1,28,0,0,1,Major,Resolved,YARN,Improvement,0,1,0,0,0,0,0,0,0,0,1
YARN-10063,3,0.24783333333333332,0.3271547849769789,0.4298,2,4.666666666666667,2,45,0,1,3,Minor,Resolved,YARN,Improvement,0,1,0,0,0,0,0,0,0,0,1
YARN-1011,36,0.6881916666666666,0.2607464826498829,-0.025605555555555548,3,5.583333333333333,15,32,1,1,36,Major,Open,YARN,New Feature,0,0,1,0,0,0,0,0,0,0,1
YARN-10177,4,0.39335,0.12012752945654602,0.04410000000000003,5,5.0,2,34,0,1,4,Blocker,Resolved,YARN,Bug,1,0,0,0,0,0,0,0,0,0,1
YARN-10194,11,0.6161272727272727,0.24669522934547838,0.11738333333333328,5,7.0,6,213,0,1,11,Blocker,Resolved,YARN,Sub-task,0,0,0,1,0,0,0,0,0,0,1
YARN-10195,5,0.85,0.0,0.0,3,7.0,1,76,0,1,5,Major,Resolved,YARN,Bug,1,0,0,0,0,0,0,0,0,0,1
YARN-10198,6,0.47866666666666663,0.3508190682768921,0.24186666666666673,3,8.833333333333334,3,76,0,1,6,Major,Resolved,YARN,Bug,1,0,0,0,0,0,0,0,0,0,1
YARN-10219,14,0.6166142857142857,0.2198126924911748,0.06551428571428575,5,7.0,8,68,0,1,14,Blocker,Resolved,YARN,Bug,1,0,0,0,0,0,0,0,0,0,1
YARN-10233,14,0.6166142857142857,0.2198126924911748,0.06551428571428575,5,7.0,8,0,0,1,14,Blocker,Resolved,YARN,Bug,1,0,0,0,0,0,0,0,0,0,1
YARN-10240,2,0.06865,0.012091525958289965,-0.017100000000000004,3,4.5,2,164,0,1,2,Major,Resolved,YARN,Sub-task,0,0,0,1,0,0,0,0,0,0,1
YARN-10244,7,0.7662714285714286,0.25630758679293725,-0.2333833333333334,3,6.857142857142857,3,4,0,1,7,Major,Resolved,YARN,Bug,1,0,0,0,0,0,0,0,0,0,1
YARN-10314,3,0.5255333333333333,0.13625697535661557,0.22790000000000005,5,8.0,3,93,0,1,3,Blocker,Resolved,YARN,Bug,1,0,0,0,0,0,0,0,0,0,1
YARN-10334,2,0.3522,0.12473363620130698,0.1764,3,7.0,1,267,0,1,2,Major,Resolved,YARN,Bug,1,0,0,0,0,0,0,0,0,0,1
YARN-10337,1,0.8353,0.0,0.0,3,8.0,1,140,0,0,1,Major,Resolved,YARN,Sub-task,0,0,0,1,0,0,0,0,0,0,1
YARN-10345,3,0.7918333333333334,0.19695850662851128,-0.20529999999999993,4,5.0,2,133,0,1,3,Critical,Resolved,YARN,Sub-task,0,0,0,1,0,0,0,0,0,0,1
YARN-10347,19,0.5523631578947368,0.3680648330729645,0.21534777777777764,4,6.578947368421052,11,109,0,1,19,Critical,Resolved,YARN,Bug,1,0,0,0,0,0,0,0,0,0,1
YARN-10430,2,0.7483,0.2621951944639718,0.3708,2,15.0,2,63,0,1,2,Minor,Resolved,YARN,Bug,1,0,0,0,0,0,0,0,0,0,1
YARN-10450,9,0.7318111111111111,0.3809552580174096,-0.04322500000000007,2,9.555555555555555,5,71,0,1,9,Minor,Resolved,YARN,Improvement,0,1,0,0,0,0,0,0,0,0,1
YARN-10493,3,0.8681,0.07101408311032395,0.0615,3,7.0,3,26,1,1,3,Major,Open,YARN,Sub-task,0,0,0,1,0,0,0,0,0,0,1
YARN-10494,3,0.8681,0.07101408311032395,0.0615,3,7.0,3,73,1,1,3,Major,Open,YARN,Sub-task,0,0,0,1,0,0,0,0,0,0,1
YARN-10540,9,0.7318111111111111,0.3809552580174096,-0.04322500000000007,4,9.555555555555555,5,67,0,1,9,Critical,Resolved,YARN,Task,0,0,0,0,1,0,0,0,0,0,1
YARN-10561,20,0.638325,0.36269810394495194,-0.0884100000000001,4,7.65,7,13,0,1,20,Critical,Resolved,YARN,Bug,1,0,0,0,0,0,0,0,0,0,1
YARN-10664,4,-0.774975,0.09648476131838993,-0.09465000000000012,3,5.25,2,56,0,1,4,Major,Resolved,YARN,Improvement,0,1,0,0,0,0,0,0,0,0,1
YARN-10797,5,0.4606199999999999,0.5385635449972455,-0.00021666666666675383,2,11.8,3,84,0,1,5,Minor,Resolved,YARN,Bug,1,0,0,0,0,0,0,0,0,0,1
YARN-10849,5,0.4606199999999999,0.5385635449972455,-0.00021666666666675383,2,11.8,3,146,0,1,5,Minor,Resolved,YARN,Improvement,0,1,0,0,0,0,0,0,0,0,1
YARN-10897,5,0.4606199999999999,0.5385635449972455,-0.00021666666666675383,3,11.8,3,77,0,1,5,Major,Resolved,YARN,Sub-task,0,0,0,1,0,0,0,0,0,0,1
YARN-10911,5,0.4606199999999999,0.5385635449972455,-0.00021666666666675383,2,11.8,3,9,0,1,5,Minor,Resolved,YARN,Sub-task,0,0,0,1,0,0,0,0,0,0,1
YARN-10950,5,0.4606199999999999,0.5385635449972455,-0.00021666666666675383,2,11.8,3,51,0,1,5,Minor,Resolved,YARN,Sub-task,0,0,0,1,0,0,0,0,0,0,1
YARN-10991,9,0.8755222222222222,0.08489850967151574,-0.012514999999999832,2,8.0,3,17,0,1,9,Minor,Resolved,YARN,Bug,1,0,0,0,0,0,0,0,0,0,1
YARN-11007,9,0.8755222222222222,0.08489850967151574,-0.012514999999999832,2,8.0,3,0,0,1,9,Minor,Resolved,YARN,Bug,1,0,0,0,0,0,0,0,0,0,1
YARN-11053,1,0.877,0.0,0.0,3,8.0,1,122,0,0,1,Major,Resolved,YARN,Bug,1,0,0,0,0,0,0,0,0,0,1
YARN-11078,4,0.6760999999999999,0.062255120271347913,-0.04249999999999998,3,4.75,2,95,0,1,4,Major,Resolved,YARN,Improvement,0,1,0,0,0,0,0,0,0,0,1
YARN-11084,1,0.4019,0.0,0.0,3,2.0,1,69,0,0,1,Major,Resolved,YARN,New Feature,0,0,1,0,0,0,0,0,0,0,1
YARN-11086,1,0.4019,0.0,0.0,2,2.0,1,0,0,0,1,Minor,Resolved,YARN,Improvement,0,1,0,0,0,0,0,0,0,0,1
YARN-11087,1,0.4019,0.0,0.0,3,2.0,1,141,0,0,1,Major,Resolved,YARN,Bug,1,0,0,0,0,0,0,0,0,0,1
YARN-11088,1,0.4019,0.0,0.0,3,2.0,1,99,0,0,1,Major,Resolved,YARN,Improvement,0,1,0,0,0,0,0,0,0,0,1
YARN-11089,1,0.4019,0.0,0.0,3,2.0,1,0,0,0,1,Major,Resolved,YARN,Bug,1,0,0,0,0,0,0,0,0,0,1
YARN-11360,1,0.9382,0.0,0.0,3,6.0,1,114,0,0,1,Major,Resolved,YARN,Improvement,0,1,0,0,0,0,0,0,0,0,1
YARN-11482,6,0.1737,0.6928407753589565,0.43340000000000006,3,6.0,4,34,0,1,6,Major,Resolved,YARN,Bug,1,0,0,0,0,0,0,0,0,0,1
YARN-11658,2,-0.008599999999999997,0.8701656049281654,1.2306,3,8.0,2,26,1,1,2,Major,Open,YARN,Improvement,0,1,0,0,0,0,0,0,0,0,1
YARN-11712,9,0.5815888888888889,0.1487745479277659,-0.19284500000000004,5,6.111111111111111,4,634,1,1,9,Blocker,Open,YARN,Bug,1,0,0,0,0,0,0,0,0,0,1
YARN-11713,9,0.5815888888888889,0.1487745479277659,-0.19284500000000004,5,6.111111111111111,4,194,1,1,9,Blocker,Open,YARN,Bug,1,0,0,0,0,0,0,0,0,0,1
YARN-1545,2,0.03539999999999999,0.8423055977494154,1.1912,3,9.0,2,20,1,1,2,Major,Open,YARN,Improvement,0,1,0,0,0,0,0,0,0,0,1
YARN-2,14,0.3935642857142857,0.6438340154073909,-0.4984142857142857,3,9.357142857142858,6,42,0,1,14,Major,Closed,YARN,New Feature,0,0,1,0,0,0,0,0,0,0,1
YARN-2492,2,0.0,0.0,0.0,3,9.5,1,31,1,1,2,Major,Open,YARN,Task,0,0,0,0,1,0,0,0,0,0,1
YARN-252,1,0.2289,0.0,0.0,3,8.0,1,23,1,0,1,Major,Open,YARN,Bug,1,0,0,0,0,0,0,0,0,0,1
YARN-2877,1,0.9686,0.0,0.0,3,5.0,1,68,0,0,1,Major,Resolved,YARN,New Feature,0,0,1,0,0,0,0,0,0,0,1
YARN-3409,43,0.7185790697674419,0.2842777377329126,0.24050779220779206,3,7.6976744186046515,19,150,0,1,43,Major,Resolved,YARN,New Feature,0,0,1,0,0,0,0,0,0,0,1
YARN-3926,1,0.7351,0.0,0.0,3,5.0,1,128,0,0,1,Major,Resolved,YARN,New Feature,0,0,1,0,0,0,0,0,0,0,1
YARN-4081,1,0.7351,0.0,0.0,3,5.0,1,18,0,0,1,Major,Resolved,YARN,Sub-task,0,0,0,1,0,0,0,0,0,0,1
YARN-4757,13,0.6344384615384615,0.35799675403198267,-0.06789999999999985,3,5.0,4,162,0,1,13,Major,Resolved,YARN,New Feature,0,0,1,0,0,0,0,0,0,0,1
YARN-4758,2,-0.017749999999999988,1.3121780538478762,-1.8557000000000001,3,5.0,1,194,1,1,2,Major,Open,YARN,New Feature,0,0,1,0,0,0,0,0,0,0,1
YARN-4793,13,0.6344384615384615,0.35799675403198267,-0.06789999999999985,3,5.0,4,226,0,1,13,Major,Resolved,YARN,Bug,1,0,0,0,0,0,0,0,0,0,1
YARN-4946,13,0.6087846153846154,0.22674724859100223,0.05351904761904769,3,7.0,7,143,0,1,13,Major,Resolved,YARN,Improvement,0,1,0,0,0,0,0,0,0,0,1
YARN-5006,1,0.8841,0.0,0.0,4,7.0,1,402,0,0,1,Critical,Resolved,YARN,Bug,1,0,0,0,0,0,0,0,0,0,1
YARN-5015,9,0.7270666666666666,0.17978234062332146,-0.011850000000000027,3,8.0,4,68,0,1,9,Major,Resolved,YARN,Sub-task,0,0,0,1,0,0,0,0,0,0,1
YARN-5065,3,0.9712666666666667,0.01679355034926602,-0.02794999999999992,3,5.0,2,11,1,1,3,Major,Open,YARN,Bug,1,0,0,0,0,0,0,0,0,0,1
YARN-5079,13,0.6344384615384615,0.35799675403198267,-0.06789999999999985,3,5.0,4,209,0,1,13,Major,Resolved,YARN,New Feature,0,0,1,0,0,0,0,0,0,0,1
YARN-5085,1,0.9686,0.0,0.0,3,5.0,1,58,0,0,1,Major,Resolved,YARN,Bug,1,0,0,0,0,0,0,0,0,0,1
YARN-5220,1,0.9686,0.0,0.0,3,5.0,1,162,0,0,1,Major,Resolved,YARN,New Feature,0,0,1,0,0,0,0,0,0,0,1
YARN-5542,1,0.8381,0.0,0.0,3,5.0,1,46,0,0,1,Major,Resolved,YARN,New Feature,0,0,1,0,0,0,0,0,0,0,1
YARN-5597,8,0.6075625,0.3419865491820235,-0.3591250000000001,3,6.75,4,13,0,1,8,Major,Resolved,YARN,Improvement,0,1,0,0,0,0,0,0,0,0,1
YARN-5673,13,0.6344384615384615,0.35799675403198267,-0.06789999999999985,3,5.0,4,403,1,1,13,Major,Open,YARN,New Feature,0,0,1,0,0,0,0,0,0,0,1
YARN-5742,25,0.693648,0.1814545951471056,0.12094166666666673,4,6.0,13,31,0,1,25,Critical,Resolved,YARN,Sub-task,0,0,0,1,0,0,0,0,0,0,1
YARN-5881,13,0.6344384615384615,0.35799675403198267,-0.06789999999999985,3,5.0,4,56,0,1,13,Major,Resolved,YARN,Improvement,0,1,0,0,0,0,0,0,0,0,1
YARN-5972,13,0.6344384615384615,0.35799675403198267,-0.06789999999999985,3,5.0,4,159,1,1,13,Major,Open,YARN,Bug,1,0,0,0,0,0,0,0,0,0,1
YARN-5983,13,0.6344384615384615,0.35799675403198267,-0.06789999999999985,3,5.0,4,143,0,1,13,Major,Resolved,YARN,New Feature,0,0,1,0,0,0,0,0,0,0,1
YARN-6050,7,0.6410714285714285,0.31708754687144747,0.14461666666666662,3,6.857142857142857,3,149,0,1,7,Major,Resolved,YARN,Bug,1,0,0,0,0,0,0,0,0,0,1
YARN-6164,3,0.6627333333333333,0.28938143225392554,0.44780000000000003,3,7.0,3,38,0,1,3,Major,Resolved,YARN,Improvement,0,1,0,0,0,0,0,0,0,0,1
YARN-6223,22,0.6586772727272727,0.36803285558793225,-0.014136363636363503,3,5.363636363636363,8,207,0,1,22,Major,Resolved,YARN,New Feature,0,0,1,0,0,0,0,0,0,0,1
YARN-6419,13,0.6344384615384615,0.35799675403198267,-0.06789999999999985,3,5.0,4,0,0,1,13,Major,Resolved,YARN,Sub-task,0,0,0,1,0,0,0,0,0,0,1
YARN-6547,4,0.9161,0.11118210287631729,0.09170000000000011,3,5.0,3,26,0,1,4,Major,Resolved,YARN,Bug,1,0,0,0,0,0,0,0,0,0,1
YARN-6592,41,0.6341707317073171,0.3830991126613989,-0.2178549999999999,3,6.658536585365853,15,31,0,1,41,Major,Resolved,YARN,New Feature,0,0,1,0,0,0,0,0,0,0,1
YARN-6616,7,0.6410714285714285,0.31708754687144747,0.14461666666666662,2,6.857142857142857,3,30,0,1,7,Minor,Resolved,YARN,Bug,1,0,0,0,0,0,0,0,0,0,1
YARN-6623,13,0.6344384615384615,0.35799675403198267,-0.06789999999999985,5,5.0,4,28,0,1,13,Blocker,Resolved,YARN,Sub-task,0,0,0,1,0,0,0,0,0,0,1
YARN-6825,1,0.8841,0.0,0.0,3,7.0,1,118,1,0,1,Major,Open,YARN,Bug,1,0,0,0,0,0,0,0,0,0,1
YARN-6858,15,0.9040333333333334,0.0420112003206401,-0.024339285714285563,3,9.933333333333334,8,14,0,1,15,Major,Resolved,YARN,Sub-task,0,0,0,1,0,0,0,0,0,0,1
YARN-6875,2,0.0,0.0,0.0,3,9.5,1,39,0,1,2,Major,Resolved,YARN,New Feature,0,0,1,0,0,0,0,0,0,0,1
YARN-7072,2,0.0,0.0,0.0,3,9.5,1,0,0,1,2,Major,Resolved,YARN,Sub-task,0,0,0,1,0,0,0,0,0,0,1
YARN-7117,13,0.6344384615384615,0.35799675403198267,-0.06789999999999985,3,5.0,4,79,1,1,13,Major,Open,YARN,New Feature,0,0,1,0,0,0,0,0,0,0,1
YARN-7129,32,0.730028125,0.19947071291921534,0.17189375000000007,3,6.0625,16,18,0,1,32,Major,Resolved,YARN,Sub-task,0,0,0,1,0,0,0,0,0,0,1
YARN-7137,1,0.7351,0.0,0.0,5,5.0,1,0,0,0,1,Blocker,Resolved,YARN,Sub-task,0,0,0,1,0,0,0,0,0,0,1
YARN-7190,12,0.4096916666666666,0.47414354454461716,0.08708333333333335,3,6.0,6,102,0,1,12,Major,Resolved,YARN,Sub-task,0,0,0,1,0,0,0,0,0,0,1
YARN-7292,4,0.913025,0.025735497534210096,0.03644999999999998,5,5.0,3,153,0,1,4,Blocker,Resolved,YARN,Sub-task,0,0,0,1,0,0,0,0,0,0,1
YARN-7370,1,0.5106,0.0,0.0,3,8.0,1,22,0,0,1,Major,Resolved,YARN,Bug,1,0,0,0,0,0,0,0,0,0,1
YARN-7451,9,0.3912555555555556,0.4618743284463619,0.117865,3,12.444444444444445,6,48,0,1,9,Major,Resolved,YARN,Bug,1,0,0,0,0,0,0,0,0,0,1
YARN-7494,21,0.7009761904761904,0.18702532156037563,0.13788636363636375,3,6.0,9,19,0,1,21,Major,Resolved,YARN,Sub-task,0,0,0,1,0,0,0,0,0,0,1
YARN-7512,21,0.7009761904761904,0.18702532156037563,0.13788636363636375,3,6.0,9,21,0,1,21,Major,Resolved,YARN,New Feature,0,0,1,0,0,0,0,0,0,0,1
YARN-7556,9,0.3912555555555556,0.4618743284463619,0.117865,4,12.444444444444445,6,0,0,1,9,Critical,Resolved,YARN,Sub-task,0,0,0,1,0,0,0,0,0,0,1
YARN-7626,9,0.7270666666666666,0.17978234062332146,-0.011850000000000027,3,8.0,4,49,0,1,9,Major,Resolved,YARN,Sub-task,0,0,0,1,0,0,0,0,0,0,1
YARN-7747,1,-0.0772,0.0,0.0,3,7.0,1,102,0,0,1,Major,Patch Available,YARN,Bug,1,0,0,0,0,0,0,0,0,0,1
YARN-7780,15,0.7353066666666667,0.2786307014841039,-0.21065714285714288,3,6.866666666666666,8,7,0,1,15,Major,Resolved,YARN,Sub-task,0,0,0,1,0,0,0,0,0,0,1
YARN-7792,15,0.7353066666666667,0.2786307014841039,-0.21065714285714288,5,6.866666666666666,8,17,0,1,15,Blocker,Closed,YARN,Sub-task,0,0,0,1,0,0,0,0,0,0,1
YARN-7812,15,0.7353066666666667,0.2786307014841039,-0.21065714285714288,3,6.866666666666666,8,28,0,1,15,Major,Resolved,YARN,New Feature,0,0,1,0,0,0,0,0,0,0,1
YARN-7813,7,0.6410714285714285,0.31708754687144747,0.14461666666666662,3,6.857142857142857,3,36,0,1,7,Major,Resolved,YARN,Improvement,0,1,0,0,0,0,0,0,0,0,1
YARN-7863,15,0.9040333333333334,0.0420112003206401,-0.024339285714285563,3,9.933333333333334,8,13,0,1,15,Major,Resolved,YARN,Sub-task,0,0,0,1,0,0,0,0,0,0,1
YARN-7865,15,0.9040333333333334,0.0420112003206401,-0.024339285714285563,3,9.933333333333334,8,53,0,1,15,Major,Resolved,YARN,Sub-task,0,0,0,1,0,0,0,0,0,0,1
YARN-7871,15,0.9040333333333334,0.0420112003206401,-0.024339285714285563,3,9.933333333333334,8,26,0,1,15,Major,Resolved,YARN,Sub-task,0,0,0,1,0,0,0,0,0,0,1
YARN-7875,15,0.9040333333333334,0.0420112003206401,-0.024339285714285563,3,9.933333333333334,8,13,0,1,15,Major,Resolved,YARN,Sub-task,0,0,0,1,0,0,0,0,0,0,1
YARN-7891,9,0.7270666666666666,0.17978234062332146,-0.011850000000000027,3,8.0,4,0,0,1,9,Major,Resolved,YARN,Sub-task,0,0,0,1,0,0,0,0,0,0,1
YARN-7900,2,0.28335,0.27343819228483796,-0.38670000000000004,3,7.0,1,43,0,1,2,Major,Resolved,YARN,Sub-task,0,0,0,1,0,0,0,0,0,0,1
YARN-7972,9,0.7270666666666666,0.17978234062332146,-0.011850000000000027,3,8.0,4,44,0,1,9,Major,Resolved,YARN,Sub-task,0,0,0,1,0,0,0,0,0,0,1
YARN-7974,1,-0.1759,0.0,0.0,3,4.0,1,50,0,0,1,Major,Resolved,YARN,Improvement,0,1,0,0,0,0,0,0,0,0,1
YARN-8002,5,0.7607999999999999,0.1860767583552551,-0.07433333333333336,3,8.0,3,70,0,1,5,Major,Resolved,YARN,Sub-task,0,0,0,1,0,0,0,0,0,0,1
YARN-8007,3,0.9712666666666667,0.01679355034926602,-0.02794999999999992,3,5.0,2,32,0,1,3,Major,Patch Available,YARN,Sub-task,0,0,0,1,0,0,0,0,0,0,1
YARN-8015,3,0.8448333333333333,0.06149734411609436,0.04144999999999999,4,6.0,2,37,0,1,3,Critical,Resolved,YARN,Sub-task,0,0,0,1,0,0,0,0,0,0,1
YARN-8028,5,0.7607999999999999,0.1860767583552551,-0.07433333333333336,3,8.0,3,14,0,1,5,Major,Resolved,YARN,Improvement,0,1,0,0,0,0,0,0,0,0,1
YARN-8040,5,0.7607999999999999,0.1860767583552551,-0.07433333333333336,3,8.0,3,22,0,1,5,Major,Resolved,YARN,Bug,1,0,0,0,0,0,0,0,0,0,1
YARN-8085,5,0.6250600000000001,0.20979569347343618,-0.23506666666666665,5,7.0,3,110,0,1,5,Blocker,Resolved,YARN,Bug,1,0,0,0,0,0,0,0,0,0,1
YARN-8108,8,0.28718750000000004,0.5238848849495196,-0.036424999999999985,5,6.0,3,128,0,1,8,Blocker,Resolved,YARN,Bug,1,0,0,0,0,0,0,0,0,0,1
YARN-8123,6,0.2354166666666667,0.33746092761483765,0.15156666666666663,3,10.833333333333334,3,25,0,1,6,Major,Resolved,YARN,Improvement,0,1,0,0,0,0,0,0,0,0,1
YARN-8200,19,0.508578947368421,0.3677024182964434,-0.07449888888888889,3,7.2631578947368425,6,121,0,1,19,Major,Resolved,YARN,Task,0,0,0,0,1,0,0,0,0,0,1
YARN-8220,31,0.7098580645161291,0.19896576719659348,0.09510166666666653,4,5.967741935483871,13,36,0,1,31,Critical,Resolved,YARN,Sub-task,0,0,0,1,0,0,0,0,0,0,1
YARN-8233,3,0.4638333333333333,0.6283304968989913,-0.5448999999999999,4,6.666666666666667,1,169,0,1,3,Critical,Resolved,YARN,Bug,1,0,0,0,0,0,0,0,0,0,1
YARN-8234,2,0.54815,0.2643872254856501,-0.37389999999999995,4,5.5,2,230,0,1,2,Critical,Resolved,YARN,Improvement,0,1,0,0,0,0,0,0,0,0,1
YARN-8236,6,0.7799833333333334,0.21060705986900502,-0.1743,4,6.0,3,20,0,1,6,Critical,Resolved,YARN,Bug,1,0,0,0,0,0,0,0,0,0,1
YARN-8247,6,0.7799833333333334,0.21060705986900502,-0.1743,4,6.0,3,153,0,1,6,Critical,Resolved,YARN,Sub-task,0,0,0,1,0,0,0,0,0,0,1
YARN-8257,2,0.54815,0.2643872254856501,-0.37389999999999995,4,5.5,2,140,1,1,2,Critical,Open,YARN,Bug,1,0,0,0,0,0,0,0,0,0,1
YARN-8265,6,0.7799833333333334,0.21060705986900502,-0.1743,4,6.0,3,63,0,1,6,Critical,Resolved,YARN,Bug,1,0,0,0,0,0,0,0,0,0,1
YARN-8320,1,0.9217,0.0,0.0,3,6.0,1,85,1,0,1,Major,Open,YARN,New Feature,0,0,1,0,0,0,0,0,0,0,1
YARN-8346,8,0.28718750000000004,0.5238848849495196,-0.036424999999999985,5,6.0,3,119,0,1,8,Blocker,Resolved,YARN,Bug,1,0,0,0,0,0,0,0,0,0,1
YARN-8379,1,0.8225,0.0,0.0,3,6.0,1,113,0,0,1,Major,Resolved,YARN,Bug,1,0,0,0,0,0,0,0,0,0,1
YARN-8387,2,-0.5121,0.5041671349860084,-0.7130000000000001,3,9.0,2,0,1,1,2,Major,Open,YARN,Improvement,0,1,0,0,0,0,0,0,0,0,1
YARN-8417,2,0.54815,0.2643872254856501,-0.37389999999999995,4,5.5,2,62,1,1,2,Critical,Open,YARN,Bug,1,0,0,0,0,0,0,0,0,0,1
YARN-8435,9,0.3912555555555556,0.4618743284463619,0.117865,4,12.444444444444445,6,40,0,1,9,Critical,Resolved,YARN,Bug,1,0,0,0,0,0,0,0,0,0,1
YARN-8457,2,-0.5121,0.5041671349860084,-0.7130000000000001,3,9.0,2,38,0,1,2,Major,Resolved,YARN,Bug,1,0,0,0,0,0,0,0,0,0,1
YARN-8503,1,0.5267,0.0,0.0,3,13.0,1,55,0,0,1,Major,Resolved,YARN,Test,0,0,0,0,0,1,0,0,0,0,1
YARN-8604,3,0.9596,0.03100661219804575,-0.03165000000000007,2,6.0,2,23,0,1,3,Minor,Patch Available,YARN,Improvement,0,1,0,0,0,0,0,0,0,0,1
YARN-8670,1,0.9573,0.0,0.0,3,5.0,1,127,1,0,1,Major,Open,YARN,Improvement,0,1,0,0,0,0,0,0,0,0,1
YARN-8718,15,0.9040333333333334,0.0420112003206401,-0.024339285714285563,3,9.933333333333334,8,0,0,1,15,Major,Resolved,YARN,Sub-task,0,0,0,1,0,0,0,0,0,0,1
YARN-8766,5,0.8857200000000001,0.0499433879507588,-0.04754999999999987,3,10.0,4,15,1,1,5,Major,Open,YARN,Improvement,0,1,0,0,0,0,0,0,0,0,1
YARN-8768,3,0.8546999999999999,0.03713111902434398,-0.06420000000000003,3,10.0,3,10,0,1,3,Major,Resolved,YARN,Bug,1,0,0,0,0,0,0,0,0,0,1
YARN-8789,2,0.0,0.0,0.0,3,1.5,2,104,0,1,2,Major,Patch Available,YARN,Improvement,0,1,0,0,0,0,0,0,0,0,1
YARN-8851,1,0.8381,0.0,0.0,3,5.0,1,74,0,0,1,Major,Resolved,YARN,New Feature,0,0,1,0,0,0,0,0,0,0,1
YARN-8867,6,0.2939333333333333,0.38489476310631543,-0.6050666666666668,3,8.0,4,54,0,1,6,Major,Resolved,YARN,Sub-task,0,0,0,1,0,0,0,0,0,0,1
YARN-8943,5,0.5022800000000001,0.510088945185053,-0.2942000000000001,3,6.8,3,0,0,1,5,Major,Resolved,YARN,Sub-task,0,0,0,1,0,0,0,0,0,0,1
YARN-8990,9,0.30415555555555557,0.4781656122911577,0.33989500000000006,5,6.666666666666667,6,153,0,1,9,Blocker,Resolved,YARN,Bug,1,0,0,0,0,0,0,0,0,0,1
YARN-8992,9,0.30415555555555557,0.4781656122911577,0.33989500000000006,3,6.666666666666667,6,33,0,1,9,Major,Resolved,YARN,Bug,1,0,0,0,0,0,0,0,0,0,1
YARN-9014,1,0.8381,0.0,0.0,3,5.0,1,146,1,0,1,Major,Open,YARN,New Feature,0,0,1,0,0,0,0,0,0,0,1
YARN-905,1,0.7003,0.0,0.0,3,6.0,1,27,0,0,1,Major,Closed,YARN,Improvement,0,1,0,0,0,0,0,0,0,0,1
YARN-9050,1,0.8381,0.0,0.0,3,5.0,1,372,0,0,1,Major,Resolved,YARN,Improvement,0,1,0,0,0,0,0,0,0,0,1
YARN-9052,4,0.827,0.09558650532371189,-0.06520000000000004,2,6.75,4,58,0,1,4,Minor,Resolved,YARN,Improvement,0,1,0,0,0,0,0,0,0,0,1
YARN-9094,2,0.58555,0.28814601333351814,-0.40750000000000003,1,5.5,2,15,0,1,2,Trivial,Resolved,YARN,Improvement,0,1,0,0,0,0,0,0,0,0,1
YARN-9128,2,-0.6034999999999999,0.044689148570989864,0.06320000000000003,3,9.0,2,0,0,1,2,Major,Resolved,YARN,Improvement,0,1,0,0,0,0,0,0,0,0,1
YARN-9145,1,0.8381,0.0,0.0,3,5.0,1,14,0,0,1,Major,Resolved,YARN,Improvement,0,1,0,0,0,0,0,0,0,0,1
YARN-9190,1,0.8353,0.0,0.0,3,8.0,1,224,1,0,1,Major,Open,YARN,Improvement,0,1,0,0,0,0,0,0,0,0,1
YARN-9214,3,0.5326333333333334,0.22643677557617128,-0.39220000000000005,3,7.666666666666667,2,33,0,1,3,Major,Resolved,YARN,Improvement,0,1,0,0,0,0,0,0,0,0,1
YARN-9242,3,0.5854,0.023382685902179845,-0.04050000000000009,5,8.0,2,49,0,1,3,Blocker,Resolved,YARN,Task,0,0,0,0,1,0,0,0,0,0,1
YARN-9252,1,0.2942,0.0,0.0,3,5.0,1,12,0,0,1,Major,Resolved,YARN,Sub-task,0,0,0,1,0,0,0,0,0,0,1
YARN-9264,1,0.8381,0.0,0.0,3,5.0,1,34,0,0,1,Major,Resolved,YARN,Improvement,0,1,0,0,0,0,0,0,0,0,1
YARN-9279,5,0.31808000000000003,0.3018288372571448,-0.01720000000000005,3,11.0,3,15,0,1,5,Major,Resolved,YARN,Improvement,0,1,0,0,0,0,0,0,0,0,1
YARN-9341,1,-0.2899,0.0,0.0,2,7.0,1,36,0,0,1,Minor,Resolved,YARN,Bug,1,0,0,0,0,0,0,0,0,0,1
YARN-9354,17,0.5970705882352941,0.25884379402620866,0.11769305555555554,1,7.0,9,35,0,1,17,Trivial,Resolved,YARN,Improvement,0,1,0,0,0,0,0,0,0,0,1
YARN-9401,3,0.5326333333333334,0.22643677557617128,-0.39220000000000005,2,7.666666666666667,2,58,0,1,3,Minor,Resolved,YARN,Bug,1,0,0,0,0,0,0,0,0,0,1
YARN-9421,1,0.8268,0.0,0.0,3,8.0,1,569,1,0,1,Major,Open,YARN,New Feature,0,0,1,0,0,0,0,0,0,0,1
YARN-9453,2,0.49905,0.19494933957313118,-0.2757,3,3.5,2,40,0,1,2,Major,Resolved,YARN,Improvement,0,1,0,0,0,0,0,0,0,0,1
YARN-9473,1,0.8381,0.0,0.0,3,5.0,1,110,0,0,1,Major,Resolved,YARN,New Feature,0,0,1,0,0,0,0,0,0,0,1
YARN-9493,2,0.49905,0.19494933957313118,-0.2757,3,3.5,2,66,0,1,2,Major,Resolved,YARN,Bug,1,0,0,0,0,0,0,0,0,0,1
YARN-9503,2,0.49905,0.19494933957313118,-0.2757,2,3.5,2,18,0,1,2,Minor,Resolved,YARN,Bug,1,0,0,0,0,0,0,0,0,0,1
YARN-9511,1,0.1779,0.0,0.0,3,6.0,1,95,1,0,1,Major,Open,YARN,Bug,1,0,0,0,0,0,0,0,0,0,1
YARN-9534,3,0.8121,0.15191290267781726,0.2627999999999999,2,2.6666666666666665,2,98,0,1,3,Minor,Resolved,YARN,Bug,1,0,0,0,0,0,0,0,0,0,1
YARN-9551,9,0.8755222222222222,0.08489850967151574,-0.012514999999999832,2,8.0,3,226,0,1,9,Minor,Resolved,YARN,Bug,1,0,0,0,0,0,0,0,0,0,1
YARN-9564,2,0.0,0.0,0.0,3,8.0,2,47,0,1,2,Major,Patch Available,YARN,Sub-task,0,0,0,1,0,0,0,0,0,0,1
YARN-9568,1,0.0258,0.0,0.0,2,4.0,1,87,0,0,1,Minor,Resolved,YARN,Bug,1,0,0,0,0,0,0,0,0,0,1
YARN-9606,2,0.3757,0.21354624791833732,-0.30199999999999994,3,11.0,2,41,0,1,2,Major,Resolved,YARN,Bug,1,0,0,0,0,0,0,0,0,0,1
YARN-9640,3,0.9004666666666666,0.05191698501775055,-0.0023000000000000798,4,7.0,1,100,0,1,3,Critical,Resolved,YARN,Bug,1,0,0,0,0,0,0,0,0,0,1
YARN-9642,3,0.9004666666666666,0.05191698501775055,-0.0023000000000000798,5,7.0,1,29,0,1,3,Blocker,Resolved,YARN,Bug,1,0,0,0,0,0,0,0,0,0,1
YARN-9698,1,0.8381,0.0,0.0,3,5.0,1,70,0,0,1,Major,Resolved,YARN,Improvement,0,1,0,0,0,0,0,0,0,0,1
YARN-9714,3,0.9004666666666666,0.05191698501775055,-0.0023000000000000798,3,7.0,1,67,0,1,3,Major,Resolved,YARN,Bug,1,0,0,0,0,0,0,0,0,0,1
YARN-9785,3,0.9004666666666666,0.05191698501775055,-0.0023000000000000798,5,7.0,1,30,0,1,3,Blocker,Resolved,YARN,Bug,1,0,0,0,0,0,0,0,0,0,1
YARN-9796,3,0.9004666666666666,0.05191698501775055,-0.0023000000000000798,5,7.0,1,32,0,1,3,Blocker,Resolved,YARN,Task,0,0,0,0,1,0,0,0,0,0,1
YARN-9848,13,0.6087846153846154,0.22674724859100223,0.05351904761904769,5,7.0,7,49,0,1,13,Blocker,Resolved,YARN,Bug,1,0,0,0,0,0,0,0,0,0,1
YARN-9855,3,0.6627333333333333,0.28938143225392554,0.44780000000000003,3,7.0,3,16,0,1,3,Major,Resolved,YARN,Bug,1,0,0,0,0,0,0,0,0,0,1
YARN-9879,6,0.47866666666666663,0.3508190682768921,0.24186666666666673,3,8.833333333333334,3,32,0,1,6,Major,Resolved,YARN,Sub-task,0,0,0,1,0,0,0,0,0,0,1
YARN-9897,2,0.88915,0.09892423868799793,-0.1398999999999999,3,7.5,1,197,1,1,2,Major,Open,YARN,Improvement,0,1,0,0,0,0,0,0,0,0,1
YARN-9898,5,0.41456,0.19120131537204443,0.3253500000000001,3,7.0,4,97,0,1,5,Major,Resolved,YARN,Bug,1,0,0,0,0,0,0,0,0,0,1
YARN-9997,17,0.5970705882352941,0.25884379402620866,0.11769305555555554,2,7.0,9,56,0,1,17,Minor,Resolved,YARN,Improvement,0,1,0,0,0,0,0,0,0,0,1
YARN-9998,17,0.5970705882352941,0.25884379402620866,0.11769305555555554,2,7.0,9,55,0,1,17,Minor,Resolved,YARN,Improvement,0,1,0,0,0,0,0,0,0,0,1
